Subtree,Decoded_Subtree,Tree_IDX,Sent_IDX,Unique_Sent_IDX,Frequency
111 477,d_structure the,3 3 3 4 4 4 42 50 420 438 457 458 462 479 480 488 605 637 637 638 639 640 641 642 643 644 645 646 647 647 660 663 667 669 673 675 675 677 678 679 680 681 682 683 684 685 686 687 688 689 690 691 692 693 694 695 696 697 697 697 698 706 711 712 713 714 715 716 717 718 719 720 721 722 723 724 725 726 727 728 729 730 731 732 733 734 735 736 739 743 744 745 753 773 774 775 776 778 834 845 846 847 848 849 850 851 852 853 855 856 859 860 861 862 863 864 865 866 871 872 873 887 888 889 890 891 892 893 894 895 896 897 899 900 901 911 931 931 931 956 959 959 ,4 4 4 5 5 5 77 85 631 658 679 680 686 723 729 750 879 939 939 942 943 944 945 946 947 948 949 950 951 951 971 974 978 981 987 989 989 992 993 994 995 996 997 998 999 1000 1001 1002 1003 1004 1005 1006 1007 1008 1009 1010 1011 1012 1012 1012 1013 1023 1028 1029 1030 1031 1032 1033 1034 1035 1036 1037 1038 1039 1040 1041 1042 1043 1044 1045 1046 1047 1048 1049 1050 1051 1052 1053 1064 1068 1069 1070 1078 1130 1131 1132 1133 1135 1215 1233 1234 1235 1236 1237 1238 1239 1240 1241 1243 1244 1247 1248 1249 1250 1251 1253 1254 1255 1261 1262 1263 1297 1299 1300 1301 1302 1303 1304 1305 1306 1307 1308 1310 1311 1312 1327 1377 1377 1377 1414 1417 1417,4 5 77 85 631 658 679 680 686 723 729 750 879 939 942 943 944 945 946 947 948 949 950 951 971 974 978 981 987 989 992 993 994 995 996 997 998 999 1000 1001 1002 1003 1004 1005 1006 1007 1008 1009 1010 1011 1012 1013 1023 1028 1029 1030 1031 1032 1033 1034 1035 1036 1037 1038 1039 1040 1041 1042 1043 1044 1045 1046 1047 1048 1049 1050 1051 1052 1053 1064 1068 1069 1070 1078 1130 1131 1132 1133 1135 1215 1233 1234 1235 1236 1237 1238 1239 1240 1241 1243 1244 1247 1248 1249 1250 1251 1253 1254 1255 1261 1262 1263 1297 1299 1300 1301 1302 1303 1304 1305 1306 1307 1308 1310 1311 1312 1327 1377 1414 1417,130
91 116,constant_bool default,93 160 182 183 184 185 186 187 188 189 190 191 192 193 194 195 196 197 198 199 200 201 202 203 204 205 206 207 208 209 210 211 212 213 214 215 216 217 218 219 220 221 222 223 224 225 226 227 228 229 230 231 232 233 234 235 236 237 238 239 240 241 242 243 244 245 246 247 248 249 250 251 252 253 254 255 256 257 258 259 260 261 262 263 264 265 266 267 268 269 270 271 272 273 274 275 276 277 278 279 280 281 282 283 284 285 286 287 288 289 407 790 792 793 806 810 835 841 842 844 912 915 916 917 922 923 924 932 1045 ,128 195 219 220 221 222 223 224 225 226 227 228 229 230 231 232 233 234 235 236 237 238 239 240 241 242 243 244 245 246 247 248 249 250 251 252 253 254 255 256 257 258 259 260 261 262 263 264 265 266 267 268 269 270 271 272 273 274 275 276 277 278 279 280 281 282 283 284 285 286 287 288 289 290 291 292 293 294 295 296 297 298 299 300 301 302 303 304 305 306 307 308 309 310 311 312 313 314 315 316 317 318 319 320 321 322 323 324 325 326 454 1152 1154 1155 1170 1174 1217 1228 1229 1232 1328 1333 1337 1341 1362 1364 1366 1379 1506,128 195 219 220 221 222 223 224 225 226 227 228 229 230 231 232 233 234 235 236 237 238 239 240 241 242 243 244 245 246 247 248 249 250 251 252 253 254 255 256 257 258 259 260 261 262 263 264 265 266 267 268 269 270 271 272 273 274 275 276 277 278 279 280 281 282 283 284 285 286 287 288 289 290 291 292 293 294 295 296 297 298 299 300 301 302 303 304 305 306 307 308 309 310 311 312 313 314 315 316 317 318 319 320 321 322 323 324 325 326 454 1152 1154 1155 1170 1174 1217 1228 1229 1232 1328 1333 1337 1341 1362 1364 1366 1379 1506,129
329 112,optional d_type,89 94 95 96 97 98 99 100 101 102 103 104 105 106 107 108 109 110 111 112 113 114 115 116 117 118 119 120 121 122 123 124 125 126 127 128 129 130 131 132 133 134 135 136 137 138 139 140 141 142 143 144 145 146 147 148 149 150 151 152 153 154 155 156 157 158 159 168 169 760 761 1046 1047 1048 1049 1050 1051 1052 1053 1054 1055 1056 1057 1058 1059 1060 1061 1062 1063 1064 1065 1066 1067 1068 1069 1070 1071 1072 1073 1074 1075 1076 1077 1078 1079 1080 1081 1082 1083 1084 1085 1086 ,124 129 130 131 132 133 134 135 136 137 138 139 140 141 142 143 144 145 146 147 148 149 150 151 152 153 154 155 156 157 158 159 160 161 162 163 164 165 166 167 168 169 170 171 172 173 174 175 176 177 178 179 180 181 182 183 184 185 186 187 188 189 190 191 192 193 194 203 204 1100 1101 1507 1508 1509 1510 1511 1512 1513 1514 1515 1516 1517 1518 1519 1520 1521 1522 1523 1524 1525 1526 1527 1528 1529 1530 1531 1532 1533 1534 1535 1536 1537 1538 1539 1540 1541 1542 1543 1544 1545 1546 1547,124 129 130 131 132 133 134 135 136 137 138 139 140 141 142 143 144 145 146 147 148 149 150 151 152 153 154 155 156 157 158 159 160 161 162 163 164 165 166 167 168 169 170 171 172 173 174 175 176 177 178 179 180 181 182 183 184 185 186 187 188 189 190 191 192 193 194 203 204 1100 1101 1507 1508 1509 1510 1511 1512 1513 1514 1515 1516 1517 1518 1519 1520 1521 1522 1523 1524 1525 1526 1527 1528 1529 1530 1531 1532 1533 1534 1535 1536 1537 1538 1539 1540 1541 1542 1543 1544 1545 1546 1547,112
111 322,d_structure one_word,495 496 497 498 499 500 501 502 503 504 505 506 507 508 509 510 511 512 513 514 515 516 517 518 519 520 521 522 523 524 525 526 527 528 529 530 531 532 533 534 535 536 537 538 539 540 541 542 543 544 545 546 547 548 549 550 551 552 553 554 555 556 557 558 559 560 970 971 972 973 974 975 976 977 978 979 980 981 982 983 984 985 986 987 988 989 990 991 992 993 994 995 996 997 998 999 1000 ,758 759 760 761 762 763 764 765 766 767 768 769 770 771 772 773 774 775 776 777 778 779 780 781 782 783 784 785 786 787 788 789 790 791 792 793 794 795 796 797 798 799 800 801 802 803 804 805 806 807 808 809 810 811 812 813 814 815 816 817 818 819 820 821 822 823 1431 1432 1433 1434 1435 1436 1437 1438 1439 1440 1441 1442 1443 1444 1445 1446 1447 1448 1449 1450 1451 1452 1453 1454 1455 1456 1457 1458 1459 1460 1461,758 759 760 761 762 763 764 765 766 767 768 769 770 771 772 773 774 775 776 777 778 779 780 781 782 783 784 785 786 787 788 789 790 791 792 793 794 795 796 797 798 799 800 801 802 803 804 805 806 807 808 809 810 811 812 813 814 815 816 817 818 819 820 821 822 823 1431 1432 1433 1434 1435 1436 1437 1438 1439 1440 1441 1442 1443 1444 1445 1446 1447 1448 1449 1450 1451 1452 1453 1454 1455 1456 1457 1458 1459 1460 1461,97
93 116,constant_num default,317 318 319 320 321 322 323 324 325 326 327 328 329 330 331 332 333 334 335 336 337 338 339 340 341 342 343 344 345 346 347 348 349 350 351 352 353 354 355 356 357 358 359 360 361 362 363 364 365 366 367 368 369 370 371 372 373 374 375 376 377 378 379 380 381 382 383 384 421 489 708 796 818 819 822 825 831 838 840 876 881 882 886 907 928 936 954 ,354 355 356 357 358 359 360 361 362 363 364 365 366 367 368 369 370 371 372 373 374 375 376 377 378 379 380 381 382 383 384 385 386 387 388 389 390 391 392 393 394 395 396 397 398 399 400 401 402 403 404 405 406 407 408 409 410 411 412 413 414 415 416 417 418 419 420 421 632 751 1025 1160 1191 1193 1196 1199 1211 1222 1224 1266 1284 1287 1294 1320 1372 1388 1412,354 355 356 357 358 359 360 361 362 363 364 365 366 367 368 369 370 371 372 373 374 375 376 377 378 379 380 381 382 383 384 385 386 387 388 389 390 391 392 393 394 395 396 397 398 399 400 401 402 403 404 405 406 407 408 409 410 411 412 413 414 415 416 417 418 419 420 421 632 751 1025 1160 1191 1193 1196 1199 1211 1222 1224 1266 1284 1287 1294 1320 1372 1388 1412,87
111 319,d_structure of,2 3 3 3 4 4 4 5 19 19 21 43 44 44 45 45 46 46 47 48 49 49 50 89 89 89 89 173 173 438 446 452 456 462 480 483 619 620 638 639 640 650 651 652 653 654 655 656 657 658 669 675 697 698 706 736 736 740 741 744 745 808 827 828 829 834 850 857 858 862 863 898 901 911 914 931 931 931 933 940 943 946 949 956 959 959 959 959 967 1001 1001 1002 1002 1003 1003 1004 1004 ,3 4 4 4 5 5 5 6 32 32 34 78 79 79 80 80 81 81 82 83 84 84 85 124 124 124 124 208 208 658 666 672 676 686 729 734 910 911 942 943 944 954 955 956 957 958 959 960 961 962 981 989 1012 1013 1023 1053 1053 1065 1066 1069 1070 1172 1205 1207 1209 1215 1238 1245 1246 1250 1251 1309 1312 1327 1331 1377 1377 1377 1384 1395 1398 1401 1404 1414 1417 1417 1417 1417 1428 1462 1462 1463 1463 1464 1464 1465 1465,3 4 5 6 32 34 78 79 80 81 82 83 84 85 124 208 658 666 672 676 686 729 734 910 911 942 943 944 954 955 956 957 958 959 960 961 962 981 989 1012 1013 1023 1053 1065 1066 1069 1070 1172 1205 1207 1209 1215 1238 1245 1246 1250 1251 1309 1312 1327 1331 1377 1384 1395 1398 1401 1404 1414 1417 1428 1462 1463 1464 1465,74
111 337,d_structure output,3 3 4 4 438 459 460 604 606 640 711 712 713 714 715 716 717 718 719 720 721 722 723 724 725 726 727 728 729 730 731 732 733 734 735 736 740 741 744 745 773 774 775 776 794 795 863 871 872 873 890 891 892 893 894 895 896 897 898 899 900 901 931 931 ,4 4 5 5 658 683 684 877 880 944 1028 1029 1030 1031 1032 1033 1034 1035 1036 1037 1038 1039 1040 1041 1042 1043 1044 1045 1046 1047 1048 1049 1050 1051 1052 1053 1065 1066 1069 1070 1130 1131 1132 1133 1157 1158 1251 1261 1262 1263 1301 1302 1303 1304 1305 1306 1307 1308 1309 1310 1311 1312 1377 1377,4 5 658 683 684 877 880 944 1028 1029 1030 1031 1032 1033 1034 1035 1036 1037 1038 1039 1040 1041 1042 1043 1044 1045 1046 1047 1048 1049 1050 1051 1052 1053 1065 1066 1069 1070 1130 1131 1132 1133 1157 1158 1251 1261 1262 1263 1301 1302 1303 1304 1305 1306 1307 1308 1309 1310 1311 1312 1377,61
112 322,d_type one_word,561 562 563 564 565 566 567 568 569 570 571 572 573 574 575 576 577 578 579 580 581 582 583 584 585 586 587 588 589 590 591 592 593 594 595 1022 1023 1024 1025 1026 1027 1028 1029 1030 1031 1032 1033 1034 1035 1036 1037 1038 1039 1040 1041 1042 1043 ,824 825 826 827 828 829 830 831 832 833 834 835 836 837 838 839 840 841 842 843 844 845 846 847 848 849 850 851 852 853 854 855 856 857 858 1483 1484 1485 1486 1487 1488 1489 1490 1491 1492 1493 1494 1495 1496 1497 1498 1499 1500 1501 1502 1503 1504,824 825 826 827 828 829 830 831 832 833 834 835 836 837 838 839 840 841 842 843 844 845 846 847 848 849 850 851 852 853 854 855 856 857 858 1483 1484 1485 1486 1487 1488 1489 1490 1491 1492 1493 1494 1495 1496 1497 1498 1499 1500 1501 1502 1503 1504,57
111 477 -1 337,d_structure the -1 output,3 3 3 4 4 4 438 640 711 712 713 714 715 716 717 718 719 720 721 722 723 724 725 726 727 728 729 730 731 732 733 734 735 736 744 745 773 774 775 776 863 871 872 873 890 891 892 893 894 895 896 897 899 900 901 931 931 931 ,4 4 4 5 5 5 658 944 1028 1029 1030 1031 1032 1033 1034 1035 1036 1037 1038 1039 1040 1041 1042 1043 1044 1045 1046 1047 1048 1049 1050 1051 1052 1053 1069 1070 1130 1131 1132 1133 1251 1261 1262 1263 1301 1302 1303 1304 1305 1306 1307 1308 1310 1311 1312 1377 1377 1377,4 5 658 944 1028 1029 1030 1031 1032 1033 1034 1035 1036 1037 1038 1039 1040 1041 1042 1043 1044 1045 1046 1047 1048 1049 1050 1051 1052 1053 1069 1070 1130 1131 1132 1133 1251 1261 1262 1263 1301 1302 1303 1304 1305 1306 1307 1308 1310 1311 1312 1377,52
329 111,optional d_structure,51 52 53 54 55 56 57 58 59 60 61 62 63 64 65 66 67 68 69 70 71 72 73 74 75 76 77 78 79 80 81 82 168 168 168 169 169 169 1004 1004 1005 1006 1007 1008 1009 1010 1011 1012 1013 1014 1015 1016 1017 1018 ,86 87 88 89 90 91 92 93 94 95 96 97 98 99 100 101 102 103 104 105 106 107 108 109 110 111 112 113 114 115 116 117 203 203 203 204 204 204 1465 1465 1466 1467 1468 1469 1470 1471 1472 1473 1474 1475 1476 1477 1478 1479,86 87 88 89 90 91 92 93 94 95 96 97 98 99 100 101 102 103 104 105 106 107 108 109 110 111 112 113 114 115 116 117 203 204 1465 1466 1467 1468 1469 1470 1471 1472 1473 1474 1475 1476 1477 1478 1479,49
111 237,d_structure input,438 488 619 620 673 677 678 679 680 681 682 683 684 685 686 687 688 689 690 691 692 693 694 695 696 697 698 845 848 849 850 852 853 856 857 858 859 860 861 862 864 865 866 967 ,658 750 910 911 987 992 993 994 995 996 997 998 999 1000 1001 1002 1003 1004 1005 1006 1007 1008 1009 1010 1011 1012 1013 1233 1236 1237 1238 1240 1241 1244 1245 1246 1247 1248 1249 1250 1253 1254 1255 1428,658 750 910 911 987 992 993 994 995 996 997 998 999 1000 1001 1002 1003 1004 1005 1006 1007 1008 1009 1010 1011 1012 1013 1233 1236 1237 1238 1240 1241 1244 1245 1246 1247 1248 1249 1250 1253 1254 1255 1428,44
314 319,number of,21 23 23 36 37 415 415 421 421 450 478 480 484 485 486 487 487 488 489 490 613 614 615 616 617 669 700 701 702 703 704 705 706 706 707 708 709 798 812 839 867 868 885 911 927 929 937 ,34 39 39 61 62 614 614 632 632 670 722 729 746 747 748 749 749 750 751 752 900 901 902 903 904 981 1017 1018 1019 1020 1021 1022 1023 1023 1024 1025 1026 1162 1176 1223 1256 1257 1293 1327 1370 1375 1389,34 39 61 62 614 632 670 722 729 746 747 748 749 750 751 752 900 901 902 903 904 981 1017 1018 1019 1020 1021 1022 1023 1024 1025 1026 1162 1176 1223 1256 1257 1293 1327 1370 1375 1389,42
111 477 -1 237,d_structure the -1 input,438 488 673 677 678 679 680 681 682 683 684 685 686 687 688 689 690 691 692 693 694 695 696 697 698 845 848 849 850 852 853 856 859 860 861 862 864 865 866 ,658 750 987 992 993 994 995 996 997 998 999 1000 1001 1002 1003 1004 1005 1006 1007 1008 1009 1010 1011 1012 1013 1233 1236 1237 1238 1240 1241 1244 1247 1248 1249 1250 1253 1254 1255,658 750 987 992 993 994 995 996 997 998 999 1000 1001 1002 1003 1004 1005 1006 1007 1008 1009 1010 1011 1012 1013 1233 1236 1237 1238 1240 1241 1244 1247 1248 1249 1250 1253 1254 1255,39
111 485,d_structure to,2 2 5 6 19 42 47 85 86 87 88 452 480 637 641 642 643 644 645 646 647 739 765 788 803 851 855 877 887 888 889 911 914 933 957 ,3 3 6 7 32 77 82 120 121 122 123 672 729 939 945 946 947 948 949 950 951 1064 1118 1149 1167 1239 1243 1275 1297 1299 1300 1327 1331 1384 1415,3 6 7 32 77 82 120 121 122 123 672 729 939 945 946 947 948 949 950 951 1064 1118 1149 1167 1239 1243 1275 1297 1299 1300 1327 1331 1384 1415,34
314 477,number the,23 415 415 421 450 480 485 486 488 489 613 613 614 614 614 615 615 615 616 616 616 617 617 617 669 669 700 701 701 702 702 703 703 704 704 705 705 706 706 706 707 707 708 708 709 798 867 867 868 868 885 911 927 929 ,39 614 614 632 670 729 747 748 750 751 900 900 901 901 901 902 902 902 903 903 903 904 904 904 981 981 1017 1018 1018 1019 1019 1020 1020 1021 1021 1022 1022 1023 1023 1023 1024 1024 1025 1025 1026 1162 1256 1256 1257 1257 1293 1327 1370 1375,39 614 632 670 729 747 748 750 751 900 901 902 903 904 981 1017 1018 1019 1020 1021 1022 1023 1024 1025 1026 1162 1256 1257 1293 1327 1370 1375,32
92 116,constant_float default,290 291 292 293 294 295 296 297 298 299 300 301 302 303 304 305 306 307 308 309 310 311 312 313 314 315 316 670 671 ,327 328 329 330 331 332 333 334 335 336 337 338 339 340 341 342 343 344 345 346 347 348 349 350 351 352 353 982 983,327 328 329 330 331 332 333 334 335 336 337 338 339 340 341 342 343 344 345 346 347 348 349 350 351 352 353 982 983,29
112 111,d_type d_structure,3 4 161 162 163 164 165 166 167 168 169 170 171 172 173 173 174 175 176 177 178 179 648 809 931 1087 1088 1089 1090 1091 ,4 5 196 197 198 199 200 201 202 203 204 205 206 207 208 208 209 210 211 212 213 214 952 1173 1377 1548 1549 1550 1551 1552,4 5 196 197 198 199 200 201 202 203 204 205 206 207 208 209 210 211 212 213 214 952 1173 1377 1548 1549 1550 1551 1552,29
111 1,d_structure a,0 1 2 3 4 5 6 36 37 426 427 428 429 446 452 462 462 480 669 877 891 903 911 931 933 940 943 946 949 ,1 2 3 4 5 6 7 61 62 645 646 647 648 666 672 686 686 729 981 1275 1302 1316 1327 1377 1384 1395 1398 1401 1404,1 2 3 4 5 6 7 61 62 645 646 647 648 666 672 686 729 981 1275 1302 1316 1327 1377 1384 1395 1398 1401 1404,28
112 330,d_type or,48 161 162 163 164 165 166 167 168 169 170 171 172 173 174 175 176 177 178 179 180 181 1087 1088 1089 1090 1091 ,83 196 197 198 199 200 201 202 203 204 205 206 207 208 209 210 211 212 213 214 215 216 1548 1549 1550 1551 1552,83 196 197 198 199 200 201 202 203 204 205 206 207 208 209 210 211 212 213 214 215 216 1548 1549 1550 1551 1552,27
314 477 -1 319,number the -1 of,23 415 415 415 421 450 480 613 614 615 616 617 700 701 702 703 704 705 706 706 706 707 708 709 798 867 868 885 911 929 ,39 614 614 614 632 670 729 900 901 902 903 904 1017 1018 1019 1020 1021 1022 1023 1023 1023 1024 1025 1026 1162 1256 1257 1293 1327 1375,39 614 632 670 729 900 901 902 903 904 1017 1018 1019 1020 1021 1022 1023 1024 1025 1026 1162 1256 1257 1293 1327 1375,26
91 485,constant_bool to,8 8 9 9 416 417 418 439 440 459 460 461 463 464 465 466 467 789 791 794 795 813 815 843 938 941 944 947 ,9 9 10 10 616 617 618 659 660 683 684 685 691 692 693 694 695 1151 1153 1157 1158 1177 1180 1230 1393 1396 1399 1402,9 10 616 617 618 659 660 683 684 685 691 692 693 694 695 1151 1153 1157 1158 1177 1180 1230 1393 1396 1399 1402,26
112 330 -1 111,d_type or -1 d_structure,161 162 163 164 165 166 167 168 169 170 171 172 173 173 174 175 176 177 178 179 1087 1088 1089 1090 1091 ,196 197 198 199 200 201 202 203 204 205 206 207 208 208 209 210 211 212 213 214 1548 1549 1550 1551 1552,196 197 198 199 200 201 202 203 204 205 206 207 208 209 210 211 212 213 214 1548 1549 1550 1551 1552,24
314 319 -1 477,number of -1 the,23 415 421 485 486 488 489 613 614 614 615 615 616 616 617 617 669 669 701 702 703 704 705 706 706 706 707 708 867 868 927 ,39 614 632 747 748 750 751 900 901 901 902 902 903 903 904 904 981 981 1018 1019 1020 1021 1022 1023 1023 1023 1024 1025 1256 1257 1370,39 614 632 747 748 750 751 900 901 902 903 904 981 1018 1019 1020 1021 1022 1023 1024 1025 1256 1257 1370,24
53 111,bstr d_structure,27 28 29 30 31 32 33 34 35 40 41 168 168 168 168 168 168 169 169 169 169 169 169 470 471 640 740 741 817 834 898 906 952 ,52 53 54 55 56 57 58 59 60 75 76 203 203 203 203 203 203 204 204 204 204 204 204 710 711 944 1065 1066 1190 1215 1309 1319 1409,52 53 54 55 56 57 58 59 60 75 76 203 204 710 711 944 1065 1066 1190 1215 1309 1319 1409,23
53 319,bstr of,23 23 415 423 472 483 610 610 610 611 619 620 625 626 640 705 740 741 808 834 857 858 862 898 901 966 ,39 39 614 636 712 734 888 888 888 889 910 911 921 922 944 1022 1065 1066 1172 1215 1245 1246 1250 1309 1312 1427,39 614 636 712 734 888 889 910 911 921 922 944 1022 1065 1066 1172 1215 1245 1246 1250 1309 1312 1427,23
314 40,number be,27 28 29 30 31 32 33 34 35 36 37 415 614 615 616 617 669 709 817 906 952 ,52 53 54 55 56 57 58 59 60 61 62 614 901 902 903 904 981 1026 1190 1319 1409,52 53 54 55 56 57 58 59 60 61 62 614 901 902 903 904 981 1026 1190 1319 1409,21
370 477,qstr the,414 463 464 465 466 467 613 613 613 613 613 613 614 615 616 617 627 628 629 630 631 918 919 920 921 ,604 691 692 693 694 695 900 900 900 900 900 900 901 902 903 904 926 927 928 929 930 1347 1353 1357 1361,604 691 692 693 694 695 900 901 902 903 904 926 927 928 929 930 1347 1353 1357 1361,20
434 319,size of,12 462 468 468 621 622 623 624 744 744 745 745 746 747 748 749 750 751 752 863 863 874 875 905 ,25 686 699 699 917 918 919 920 1069 1069 1070 1070 1071 1072 1073 1074 1075 1076 1077 1251 1251 1264 1265 1318,25 686 699 917 918 919 920 1069 1070 1071 1072 1073 1074 1075 1076 1077 1251 1264 1265 1318,20
111 111,d_structure d_structure,2 3 4 19 44 45 46 89 462 640 736 740 741 898 931 959 1001 1002 1003 1004 ,3 4 5 32 79 80 81 124 686 944 1053 1065 1066 1309 1377 1417 1462 1463 1464 1465,3 4 5 32 79 80 81 124 686 944 1053 1065 1066 1309 1377 1417 1462 1463 1464 1465,20
314 111,number d_structure,21 27 28 29 30 31 32 33 34 35 36 37 487 488 669 706 817 906 952 ,34 52 53 54 55 56 57 58 59 60 61 62 749 750 981 1023 1190 1319 1409,34 52 53 54 55 56 57 58 59 60 61 62 749 750 981 1023 1190 1319 1409,19
314 319 -1 229,number of -1 in,23 488 489 613 614 615 616 617 701 702 703 704 705 707 708 867 868 927 929 ,39 750 751 900 901 902 903 904 1018 1019 1020 1021 1022 1024 1025 1256 1257 1370 1375,39 750 751 900 901 902 903 904 1018 1019 1020 1021 1022 1024 1025 1256 1257 1370 1375,19
314 229,number in,23 488 489 613 614 615 616 617 701 702 703 704 705 707 708 867 868 927 929 ,39 750 751 900 901 902 903 904 1018 1019 1020 1021 1022 1024 1025 1256 1257 1370 1375,39 750 751 900 901 902 903 904 1018 1019 1020 1021 1022 1024 1025 1256 1257 1370 1375,19
131 116,df_str default,388 389 390 391 392 393 394 395 396 397 398 399 400 401 402 403 404 405 ,426 427 428 429 430 431 432 433 434 435 436 437 438 439 440 441 442 443,426 427 428 429 430 431 432 433 434 435 436 437 438 439 440 441 442 443,18
134 477,dimension the,419 420 421 659 659 660 661 662 663 663 664 664 665 665 666 667 667 668 742 823 824 935 960 ,629 631 632 970 970 971 972 973 974 974 975 975 976 976 977 978 978 979 1067 1197 1198 1387 1418,629 631 632 970 971 972 973 974 975 976 977 978 979 1067 1197 1198 1387 1418,18
111 112,d_structure d_type,3 4 6 46 46 48 83 84 89 89 89 89 89 90 91 92 173 456 891 931 1019 1020 1044 ,4 5 7 81 81 83 118 119 124 124 124 124 124 125 126 127 208 676 1302 1377 1480 1481 1505,4 5 7 81 83 118 119 124 125 126 127 208 676 1302 1377 1480 1481 1505,18
434 477,size the,12 12 462 468 468 624 744 744 745 745 746 746 747 747 748 748 749 749 750 750 751 751 752 752 758 863 863 874 874 875 905 905 ,25 25 686 699 699 920 1069 1069 1070 1070 1071 1071 1072 1072 1073 1073 1074 1074 1075 1075 1076 1076 1077 1077 1085 1251 1251 1264 1264 1265 1318 1318,25 686 699 920 1069 1070 1071 1072 1073 1074 1075 1076 1077 1085 1251 1264 1265 1318,18
314 319 -1 229 -1 477,number of -1 in -1 the,23 488 489 613 614 614 615 615 616 616 617 617 701 702 703 704 705 707 708 867 868 927 ,39 750 751 900 901 901 902 902 903 903 904 904 1018 1019 1020 1021 1022 1024 1025 1256 1257 1370,39 750 751 900 901 902 903 904 1018 1019 1020 1021 1022 1024 1025 1256 1257 1370,18
314 229 -1 477,number in -1 the,23 488 489 613 614 614 615 615 616 616 617 617 701 702 703 704 705 707 708 867 868 927 ,39 750 751 900 901 901 902 902 903 903 904 904 1018 1019 1020 1021 1022 1024 1025 1256 1257 1370,39 750 751 900 901 902 903 904 1018 1019 1020 1021 1022 1024 1025 1256 1257 1370,18
314 330,number or,23 27 28 29 30 31 32 33 34 35 36 37 487 669 817 906 952 ,39 52 53 54 55 56 57 58 59 60 61 62 749 981 1190 1319 1409,39 52 53 54 55 56 57 58 59 60 61 62 749 981 1190 1319 1409,17
314 477 -1 477,number the -1 the,415 613 614 614 614 615 615 615 616 616 616 617 617 617 669 701 702 703 704 705 706 706 706 707 708 867 868 ,614 900 901 901 901 902 902 902 903 903 903 904 904 904 981 1018 1019 1020 1021 1022 1023 1023 1023 1024 1025 1256 1257,614 900 901 902 903 904 981 1018 1019 1020 1021 1022 1023 1024 1025 1256 1257,17
344 477,param the,42 440 441 446 459 460 474 766 766 767 767 778 794 795 804 940 943 946 949 ,77 660 661 666 683 684 718 1119 1119 1120 1120 1135 1157 1158 1168 1395 1398 1401 1404,77 660 661 666 683 684 718 1119 1120 1135 1157 1158 1168 1395 1398 1401 1404,17
434 319 -1 477,size of -1 the,12 462 468 624 744 745 746 747 748 749 750 751 752 863 874 875 905 ,25 686 699 920 1069 1070 1071 1072 1073 1074 1075 1076 1077 1251 1264 1265 1318,25 686 699 920 1069 1070 1071 1072 1073 1074 1075 1076 1077 1251 1264 1265 1318,17
314 53,number bstr,23 27 28 29 30 31 32 33 34 35 415 701 707 817 906 952 ,39 52 53 54 55 56 57 58 59 60 614 1018 1024 1190 1319 1409,39 52 53 54 55 56 57 58 59 60 614 1018 1024 1190 1319 1409,16
314 477 -1 319 -1 477,number the -1 of -1 the,415 613 614 614 615 615 616 616 617 617 701 702 703 704 705 706 706 706 706 707 708 867 868 ,614 900 901 901 902 902 903 903 904 904 1018 1019 1020 1021 1022 1023 1023 1023 1023 1024 1025 1256 1257,614 900 901 902 903 904 1018 1019 1020 1021 1022 1023 1024 1025 1256 1257,16
421 477,shape the,3 3 4 4 16 17 18 50 669 768 769 770 771 772 811 931 931 956 960 ,4 4 5 5 29 30 31 85 981 1121 1122 1123 1124 1125 1175 1377 1377 1414 1418,4 5 29 30 31 85 981 1121 1122 1123 1124 1125 1175 1377 1414 1418,16
314 330 -1 111,number or -1 d_structure,27 28 29 30 31 32 33 34 35 36 37 487 669 817 906 952 ,52 53 54 55 56 57 58 59 60 61 62 749 981 1190 1319 1409,52 53 54 55 56 57 58 59 60 61 62 749 981 1190 1319 1409,16
111 477 -1 319,d_structure the -1 of,3 4 480 638 639 640 675 697 697 698 736 834 850 862 901 911 931 ,4 5 729 942 943 944 989 1012 1012 1013 1053 1215 1238 1250 1312 1327 1377,4 5 729 942 943 944 989 1012 1013 1053 1215 1238 1250 1312 1327 1377,16
111 1 -1 319,d_structure a -1 of,2 3 3 4 4 5 446 452 462 462 480 669 911 931 931 933 940 943 946 949 ,3 4 4 5 5 6 666 672 686 686 729 981 1327 1377 1377 1384 1395 1398 1401 1404,3 4 5 6 666 672 686 729 981 1327 1377 1384 1395 1398 1401 1404,16
91 477,constant_bool the,431 439 439 440 458 458 459 459 459 459 460 460 460 460 463 464 465 466 467 794 794 794 794 795 795 795 795 804 814 816 ,651 659 659 660 680 680 683 683 683 683 684 684 684 684 691 692 693 694 695 1157 1157 1157 1157 1158 1158 1158 1158 1168 1178 1181,651 659 660 680 683 684 691 692 693 694 695 1157 1158 1168 1178 1181,16
420 91,set constant_bool,8 8 9 9 459 460 461 463 464 465 466 467 789 791 794 795 836 843 ,9 9 10 10 683 684 685 691 692 693 694 695 1151 1153 1157 1158 1218 1230,9 10 683 684 685 691 692 693 694 695 1151 1153 1157 1158 1218 1230,16
496 477,type the,648 649 650 651 652 653 654 655 656 657 658 809 827 828 829 959 ,952 953 954 955 956 957 958 959 960 961 962 1173 1205 1207 1209 1417,952 953 954 955 956 957 958 959 960 961 962 1173 1205 1207 1209 1417,16
420 485,set to,8 8 9 9 459 460 461 463 464 465 466 467 789 791 794 795 836 843 ,9 9 10 10 683 684 685 691 692 693 694 695 1151 1153 1157 1158 1218 1230,9 10 683 684 685 691 692 693 694 695 1151 1153 1157 1158 1218 1230,16
314 1 -1 330 -1 1,number a -1 or -1 a,27 28 29 30 31 32 33 34 35 36 36 37 37 669 817 906 952 ,52 53 54 55 56 57 58 59 60 61 61 62 62 981 1190 1319 1409,52 53 54 55 56 57 58 59 60 61 62 981 1190 1319 1409,15
314 1 -1 1,number a -1 a,27 28 29 30 31 32 33 34 35 36 36 36 37 37 37 669 817 906 952 ,52 53 54 55 56 57 58 59 60 61 61 61 62 62 62 981 1190 1319 1409,52 53 54 55 56 57 58 59 60 61 62 981 1190 1319 1409,15
314 1 -1 330,number a -1 or,27 28 29 30 31 32 33 34 35 36 37 669 817 906 952 ,52 53 54 55 56 57 58 59 60 61 62 981 1190 1319 1409,52 53 54 55 56 57 58 59 60 61 62 981 1190 1319 1409,15
314 1 -1 111,number a -1 d_structure,27 27 28 28 29 29 30 30 31 31 32 32 33 33 34 34 35 35 36 36 37 37 669 817 817 906 906 952 952 ,52 52 53 53 54 54 55 55 56 56 57 57 58 58 59 59 60 60 61 61 62 62 981 1190 1190 1319 1319 1409 1409,52 53 54 55 56 57 58 59 60 61 62 981 1190 1319 1409,15
314 330 -1 1,number or -1 a,27 28 29 30 31 32 33 34 35 36 36 37 37 669 817 906 952 ,52 53 54 55 56 57 58 59 60 61 61 62 62 981 1190 1319 1409,52 53 54 55 56 57 58 59 60 61 62 981 1190 1319 1409,15
314 40 -1 1 -1 111,number be -1 a -1 d_structure,27 27 28 28 29 29 30 30 31 31 32 32 33 33 34 34 35 35 36 36 37 37 669 817 817 906 906 952 952 ,52 52 53 53 54 54 55 55 56 56 57 57 58 58 59 59 60 60 61 61 62 62 981 1190 1190 1319 1319 1409 1409,52 53 54 55 56 57 58 59 60 61 62 981 1190 1319 1409,15
314 1 -1 330 -1 111,number a -1 or -1 d_structure,27 28 29 30 31 32 33 34 35 36 37 669 817 906 952 ,52 53 54 55 56 57 58 59 60 61 62 981 1190 1319 1409,52 53 54 55 56 57 58 59 60 61 62 981 1190 1319 1409,15
420 91 485,set constant_bool to,8 8 9 9 459 460 461 463 464 465 466 467 789 791 794 795 843 ,9 9 10 10 683 684 685 691 692 693 694 695 1151 1153 1157 1158 1230,9 10 683 684 685 691 692 693 694 695 1151 1153 1157 1158 1230,15
314 40 -1 1 -1 330,number be -1 a -1 or,27 28 29 30 31 32 33 34 35 36 37 669 817 906 952 ,52 53 54 55 56 57 58 59 60 61 62 981 1190 1319 1409,52 53 54 55 56 57 58 59 60 61 62 981 1190 1319 1409,15
314 40 -1 1 -1 1,number be -1 a -1 a,27 28 29 30 31 32 33 34 35 36 36 36 37 37 37 669 817 906 952 ,52 53 54 55 56 57 58 59 60 61 61 61 62 62 62 981 1190 1319 1409,52 53 54 55 56 57 58 59 60 61 62 981 1190 1319 1409,15
496 111,type d_structure,648 649 650 651 652 653 654 655 656 657 658 809 827 828 829 ,952 953 954 955 956 957 958 959 960 961 962 1173 1205 1207 1209,952 953 954 955 956 957 958 959 960 961 962 1173 1205 1207 1209,15
111 330,d_structure or,2 48 83 84 641 646 834 862 887 889 914 933 1019 1020 1021 ,3 83 118 119 945 950 1215 1250 1297 1300 1331 1384 1480 1481 1482,3 83 118 119 945 950 1215 1250 1297 1300 1331 1384 1480 1481 1482,15
314 477 -1 319 -1 229,number the -1 of -1 in,613 614 615 616 617 701 702 703 704 705 707 708 867 868 929 ,900 901 902 903 904 1018 1019 1020 1021 1022 1024 1025 1256 1257 1375,900 901 902 903 904 1018 1019 1020 1021 1022 1024 1025 1256 1257 1375,15
314 1,number a,27 27 28 28 29 29 30 30 31 31 32 32 33 33 34 34 35 35 36 36 36 37 37 37 669 669 817 817 906 906 952 952 ,52 52 53 53 54 54 55 55 56 56 57 57 58 58 59 59 60 60 61 61 61 62 62 62 981 981 1190 1190 1319 1319 1409 1409,52 53 54 55 56 57 58 59 60 61 62 981 1190 1319 1409,15
111 319 -1 477,d_structure of -1 the,3 3 4 4 50 438 462 669 675 697 706 744 745 863 931 931 956 959 959 959 959 ,4 4 5 5 85 658 686 981 989 1012 1023 1069 1070 1251 1377 1377 1414 1417 1417 1417 1417,4 5 85 658 686 981 989 1012 1023 1069 1070 1251 1377 1414 1417,15
314 40 -1 330,number be -1 or,27 28 29 30 31 32 33 34 35 36 37 669 817 906 952 ,52 53 54 55 56 57 58 59 60 61 62 981 1190 1319 1409,52 53 54 55 56 57 58 59 60 61 62 981 1190 1319 1409,15
496 477 -1 111,type the -1 d_structure,648 649 650 651 652 653 654 655 656 657 658 809 827 828 829 ,952 953 954 955 956 957 958 959 960 961 962 1173 1205 1207 1209,952 953 954 955 956 957 958 959 960 961 962 1173 1205 1207 1209,15
314 40 -1 1 -1 330 -1 1,number be -1 a -1 or -1 a,27 28 29 30 31 32 33 34 35 36 36 37 37 669 817 906 952 ,52 53 54 55 56 57 58 59 60 61 61 62 62 981 1190 1319 1409,52 53 54 55 56 57 58 59 60 61 62 981 1190 1319 1409,15
314 40 -1 1 -1 330 -1 111,number be -1 a -1 or -1 d_structure,27 28 29 30 31 32 33 34 35 36 37 669 817 906 952 ,52 53 54 55 56 57 58 59 60 61 62 981 1190 1319 1409,52 53 54 55 56 57 58 59 60 61 62 981 1190 1319 1409,15
314 477 -1 229,number the -1 in,613 614 615 616 617 701 702 703 704 705 707 708 867 868 929 ,900 901 902 903 904 1018 1019 1020 1021 1022 1024 1025 1256 1257 1375,900 901 902 903 904 1018 1019 1020 1021 1022 1024 1025 1256 1257 1375,15
314 40 -1 111,number be -1 d_structure,27 28 29 30 31 32 33 34 35 36 37 669 817 906 952 ,52 53 54 55 56 57 58 59 60 61 62 981 1190 1319 1409,52 53 54 55 56 57 58 59 60 61 62 981 1190 1319 1409,15
314 40 -1 1,number be -1 a,27 27 28 28 29 29 30 30 31 31 32 32 33 33 34 34 35 35 36 36 36 37 37 37 669 669 817 817 906 906 952 952 ,52 52 53 53 54 54 55 55 56 56 57 57 58 58 59 59 60 60 61 61 61 62 62 62 981 981 1190 1190 1319 1319 1409 1409,52 53 54 55 56 57 58 59 60 61 62 981 1190 1319 1409,15
314 40 -1 330 -1 1,number be -1 or -1 a,27 28 29 30 31 32 33 34 35 36 36 37 37 669 817 906 952 ,52 53 54 55 56 57 58 59 60 61 61 62 62 981 1190 1319 1409,52 53 54 55 56 57 58 59 60 61 62 981 1190 1319 1409,15
314 40 -1 330 -1 111,number be -1 or -1 d_structure,27 28 29 30 31 32 33 34 35 36 37 669 817 906 952 ,52 53 54 55 56 57 58 59 60 61 62 981 1190 1319 1409,52 53 54 55 56 57 58 59 60 61 62 981 1190 1319 1409,15
314 60 -1 330 -1 1 -1 111,number can -1 or -1 a -1 d_structure,27 28 29 30 31 32 33 34 35 36 37 817 906 952 ,52 53 54 55 56 57 58 59 60 61 62 1190 1319 1409,52 53 54 55 56 57 58 59 60 61 62 1190 1319 1409,14
314 60,number can,27 28 29 30 31 32 33 34 35 36 37 817 906 952 ,52 53 54 55 56 57 58 59 60 61 62 1190 1319 1409,52 53 54 55 56 57 58 59 60 61 62 1190 1319 1409,14
370 477 -1 337,qstr the -1 output,613 613 613 613 613 613 613 613 613 614 615 616 617 627 628 629 630 631 918 919 920 921 ,900 900 900 900 900 900 900 900 900 901 902 903 904 926 927 928 929 930 1347 1353 1357 1361,900 901 902 903 904 926 927 928 929 930 1347 1353 1357 1361,14
314 60 -1 40 -1 111,number can -1 be -1 d_structure,27 28 29 30 31 32 33 34 35 36 37 817 906 952 ,52 53 54 55 56 57 58 59 60 61 62 1190 1319 1409,52 53 54 55 56 57 58 59 60 61 62 1190 1319 1409,14
314 60 -1 40 -1 330,number can -1 be -1 or,27 28 29 30 31 32 33 34 35 36 37 817 906 952 ,52 53 54 55 56 57 58 59 60 61 62 1190 1319 1409,52 53 54 55 56 57 58 59 60 61 62 1190 1319 1409,14
314 330 -1 1 -1 111,number or -1 a -1 d_structure,27 28 29 30 31 32 33 34 35 36 37 817 906 952 ,52 53 54 55 56 57 58 59 60 61 62 1190 1319 1409,52 53 54 55 56 57 58 59 60 61 62 1190 1319 1409,14
314 60 -1 1 -1 330 -1 111,number can -1 a -1 or -1 d_structure,27 28 29 30 31 32 33 34 35 36 37 817 906 952 ,52 53 54 55 56 57 58 59 60 61 62 1190 1319 1409,52 53 54 55 56 57 58 59 60 61 62 1190 1319 1409,14
314 60 -1 1 -1 330 -1 1 -1 111,number can -1 a -1 or -1 a -1 d_structure,27 28 29 30 31 32 33 34 35 36 37 817 906 952 ,52 53 54 55 56 57 58 59 60 61 62 1190 1319 1409,52 53 54 55 56 57 58 59 60 61 62 1190 1319 1409,14
314 60 -1 330 -1 1,number can -1 or -1 a,27 28 29 30 31 32 33 34 35 36 36 37 37 817 906 952 ,52 53 54 55 56 57 58 59 60 61 61 62 62 1190 1319 1409,52 53 54 55 56 57 58 59 60 61 62 1190 1319 1409,14
314 60 -1 330 -1 111,number can -1 or -1 d_structure,27 28 29 30 31 32 33 34 35 36 37 817 906 952 ,52 53 54 55 56 57 58 59 60 61 62 1190 1319 1409,52 53 54 55 56 57 58 59 60 61 62 1190 1319 1409,14
314 60 -1 40 -1 1 -1 111,number can -1 be -1 a -1 d_structure,27 27 28 28 29 29 30 30 31 31 32 32 33 33 34 34 35 35 36 36 37 37 817 817 906 906 952 952 ,52 52 53 53 54 54 55 55 56 56 57 57 58 58 59 59 60 60 61 61 62 62 1190 1190 1319 1319 1409 1409,52 53 54 55 56 57 58 59 60 61 62 1190 1319 1409,14
314 60 -1 1 -1 330 -1 1,number can -1 a -1 or -1 a,27 28 29 30 31 32 33 34 35 36 36 37 37 817 906 952 ,52 53 54 55 56 57 58 59 60 61 61 62 62 1190 1319 1409,52 53 54 55 56 57 58 59 60 61 62 1190 1319 1409,14
314 60 -1 1 -1 1 -1 111,number can -1 a -1 a -1 d_structure,27 28 29 30 31 32 33 34 35 36 37 817 906 952 ,52 53 54 55 56 57 58 59 60 61 62 1190 1319 1409,52 53 54 55 56 57 58 59 60 61 62 1190 1319 1409,14
314 60 -1 1 -1 111,number can -1 a -1 d_structure,27 27 28 28 29 29 30 30 31 31 32 32 33 33 34 34 35 35 36 36 37 37 817 817 906 906 952 952 ,52 52 53 53 54 54 55 55 56 56 57 57 58 58 59 59 60 60 61 61 62 62 1190 1190 1319 1319 1409 1409,52 53 54 55 56 57 58 59 60 61 62 1190 1319 1409,14
314 60 -1 40 -1 1 -1 330,number can -1 be -1 a -1 or,27 28 29 30 31 32 33 34 35 36 37 817 906 952 ,52 53 54 55 56 57 58 59 60 61 62 1190 1319 1409,52 53 54 55 56 57 58 59 60 61 62 1190 1319 1409,14
314 60 -1 1 -1 1,number can -1 a -1 a,27 28 29 30 31 32 33 34 35 36 36 36 37 37 37 817 906 952 ,52 53 54 55 56 57 58 59 60 61 61 61 62 62 62 1190 1319 1409,52 53 54 55 56 57 58 59 60 61 62 1190 1319 1409,14
314 60 -1 40 -1 1 -1 1 -1 111,number can -1 be -1 a -1 a -1 d_structure,27 28 29 30 31 32 33 34 35 36 37 817 906 952 ,52 53 54 55 56 57 58 59 60 61 62 1190 1319 1409,52 53 54 55 56 57 58 59 60 61 62 1190 1319 1409,14
314 60 -1 40 -1 1 -1 330 -1 1,number can -1 be -1 a -1 or -1 a,27 28 29 30 31 32 33 34 35 36 36 37 37 817 906 952 ,52 53 54 55 56 57 58 59 60 61 61 62 62 1190 1319 1409,52 53 54 55 56 57 58 59 60 61 62 1190 1319 1409,14
314 60 -1 40 -1 1 -1 330 -1 111,number can -1 be -1 a -1 or -1 d_structure,27 28 29 30 31 32 33 34 35 36 37 817 906 952 ,52 53 54 55 56 57 58 59 60 61 62 1190 1319 1409,52 53 54 55 56 57 58 59 60 61 62 1190 1319 1409,14
314 60 -1 40 -1 1 -1 330 -1 1 -1 111,number can -1 be -1 a -1 or -1 a -1 d_structure,27 28 29 30 31 32 33 34 35 36 37 817 906 952 ,52 53 54 55 56 57 58 59 60 61 62 1190 1319 1409,52 53 54 55 56 57 58 59 60 61 62 1190 1319 1409,14
314 60 -1 40 -1 330 -1 1,number can -1 be -1 or -1 a,27 28 29 30 31 32 33 34 35 36 36 37 37 817 906 952 ,52 53 54 55 56 57 58 59 60 61 61 62 62 1190 1319 1409,52 53 54 55 56 57 58 59 60 61 62 1190 1319 1409,14
314 60 -1 40 -1 330 -1 111,number can -1 be -1 or -1 d_structure,27 28 29 30 31 32 33 34 35 36 37 817 906 952 ,52 53 54 55 56 57 58 59 60 61 62 1190 1319 1409,52 53 54 55 56 57 58 59 60 61 62 1190 1319 1409,14
314 60 -1 40 -1 330 -1 1 -1 111,number can -1 be -1 or -1 a -1 d_structure,27 28 29 30 31 32 33 34 35 36 37 817 906 952 ,52 53 54 55 56 57 58 59 60 61 62 1190 1319 1409,52 53 54 55 56 57 58 59 60 61 62 1190 1319 1409,14
314 60 -1 40,number can -1 be,27 28 29 30 31 32 33 34 35 36 37 817 906 952 ,52 53 54 55 56 57 58 59 60 61 62 1190 1319 1409,52 53 54 55 56 57 58 59 60 61 62 1190 1319 1409,14
314 60 -1 111,number can -1 d_structure,27 28 29 30 31 32 33 34 35 36 37 817 906 952 ,52 53 54 55 56 57 58 59 60 61 62 1190 1319 1409,52 53 54 55 56 57 58 59 60 61 62 1190 1319 1409,14
314 60 -1 330,number can -1 or,27 28 29 30 31 32 33 34 35 36 37 817 906 952 ,52 53 54 55 56 57 58 59 60 61 62 1190 1319 1409,52 53 54 55 56 57 58 59 60 61 62 1190 1319 1409,14
314 60 -1 1,number can -1 a,27 27 28 28 29 29 30 30 31 31 32 32 33 33 34 34 35 35 36 36 36 37 37 37 817 817 906 906 952 952 ,52 52 53 53 54 54 55 55 56 56 57 57 58 58 59 59 60 60 61 61 61 62 62 62 1190 1190 1319 1319 1409 1409,52 53 54 55 56 57 58 59 60 61 62 1190 1319 1409,14
314 1 -1 1 -1 111,number a -1 a -1 d_structure,27 28 29 30 31 32 33 34 35 36 37 817 906 952 ,52 53 54 55 56 57 58 59 60 61 62 1190 1319 1409,52 53 54 55 56 57 58 59 60 61 62 1190 1319 1409,14
314 60 -1 40 -1 1 -1 1,number can -1 be -1 a -1 a,27 28 29 30 31 32 33 34 35 36 36 36 37 37 37 817 906 952 ,52 53 54 55 56 57 58 59 60 61 61 61 62 62 62 1190 1319 1409,52 53 54 55 56 57 58 59 60 61 62 1190 1319 1409,14
314 1 -1 330 -1 1 -1 111,number a -1 or -1 a -1 d_structure,27 28 29 30 31 32 33 34 35 36 37 817 906 952 ,52 53 54 55 56 57 58 59 60 61 62 1190 1319 1409,52 53 54 55 56 57 58 59 60 61 62 1190 1319 1409,14
314 60 -1 1 -1 330,number can -1 a -1 or,27 28 29 30 31 32 33 34 35 36 37 817 906 952 ,52 53 54 55 56 57 58 59 60 61 62 1190 1319 1409,52 53 54 55 56 57 58 59 60 61 62 1190 1319 1409,14
370 337,qstr output,613 613 613 613 614 615 616 617 627 628 629 630 631 918 919 920 921 ,900 900 900 900 901 902 903 904 926 927 928 929 930 1347 1353 1357 1361,900 901 902 903 904 926 927 928 929 930 1347 1353 1357 1361,14
314 60 -1 40 -1 1,number can -1 be -1 a,27 27 28 28 29 29 30 30 31 31 32 32 33 33 34 34 35 35 36 36 36 37 37 37 817 817 906 906 952 952 ,52 52 53 53 54 54 55 55 56 56 57 57 58 58 59 59 60 60 61 61 61 62 62 62 1190 1190 1319 1319 1409 1409,52 53 54 55 56 57 58 59 60 61 62 1190 1319 1409,14
506 477,use the,442 443 659 659 660 660 768 768 769 769 770 771 772 782 783 784 785 811 ,662 663 970 970 971 971 1121 1121 1122 1122 1123 1124 1125 1139 1140 1141 1142 1175,662 663 970 971 1121 1122 1123 1124 1125 1139 1140 1141 1142 1175,14
314 40 -1 1 -1 330 -1 1 -1 111,number be -1 a -1 or -1 a -1 d_structure,27 28 29 30 31 32 33 34 35 36 37 817 906 952 ,52 53 54 55 56 57 58 59 60 61 62 1190 1319 1409,52 53 54 55 56 57 58 59 60 61 62 1190 1319 1409,14
314 40 -1 330 -1 1 -1 111,number be -1 or -1 a -1 d_structure,27 28 29 30 31 32 33 34 35 36 37 817 906 952 ,52 53 54 55 56 57 58 59 60 61 62 1190 1319 1409,52 53 54 55 56 57 58 59 60 61 62 1190 1319 1409,14
314 477 -1 229 -1 477,number the -1 in -1 the,613 614 614 615 615 616 616 617 617 701 702 703 704 705 707 708 867 868 ,900 901 901 902 902 903 903 904 904 1018 1019 1020 1021 1022 1024 1025 1256 1257,900 901 902 903 904 1018 1019 1020 1021 1022 1024 1025 1256 1257,14
314 477 -1 319 -1 229 -1 477,number the -1 of -1 in -1 the,613 614 614 615 615 616 616 617 617 701 702 703 704 705 707 708 867 868 ,900 901 901 902 902 903 903 904 904 1018 1019 1020 1021 1022 1024 1025 1256 1257,900 901 902 903 904 1018 1019 1020 1021 1022 1024 1025 1256 1257,14
384 370,reduction qstr,613 614 615 616 617 627 627 627 628 628 628 629 629 629 630 630 630 631 631 631 631 918 918 918 919 919 919 919 920 920 920 921 921 921 ,900 901 902 903 904 926 926 926 927 927 927 928 928 928 929 929 929 930 930 930 930 1347 1347 1347 1353 1353 1353 1353 1357 1357 1357 1361 1361 1361,900 901 902 903 904 926 927 928 929 930 1347 1353 1357 1361,14
314 40 -1 1 -1 1 -1 111,number be -1 a -1 a -1 d_structure,27 28 29 30 31 32 33 34 35 36 37 817 906 952 ,52 53 54 55 56 57 58 59 60 61 62 1190 1319 1409,52 53 54 55 56 57 58 59 60 61 62 1190 1319 1409,14
111 111 319,d_structure d_structure of,3 4 19 44 45 46 89 89 736 931 959 959 1001 1002 1003 1004 ,4 5 32 79 80 81 124 124 1053 1377 1417 1417 1462 1463 1464 1465,4 5 32 79 80 81 124 1053 1377 1417 1462 1463 1464 1465,14
111 477 -1 485,d_structure the -1 to,637 637 641 642 643 644 645 646 647 739 851 855 887 888 889 ,939 939 945 946 947 948 949 950 951 1064 1239 1243 1297 1299 1300,939 945 946 947 948 949 950 951 1064 1239 1243 1297 1299 1300,14
434 477 -1 319,size the -1 of,12 468 468 468 744 745 746 747 748 749 750 751 752 863 874 905 ,25 699 699 699 1069 1070 1071 1072 1073 1074 1075 1076 1077 1251 1264 1318,25 699 1069 1070 1071 1072 1073 1074 1075 1076 1077 1251 1264 1318,14
111 93,d_structure constant_num,0 2 2 2 21 38 89 89 89 426 427 428 456 637 677 850 903 ,1 3 3 3 34 69 124 124 124 645 646 647 676 939 992 1238 1316,1 3 34 69 124 645 646 647 676 939 992 1238 1316,13
111 401,d_structure returned,650 651 652 653 654 655 656 657 658 778 827 828 829 ,954 955 956 957 958 959 960 961 962 1135 1205 1207 1209,954 955 956 957 958 959 960 961 962 1135 1205 1207 1209,13
496 319,type of,650 651 652 653 654 655 656 657 658 827 828 829 959 ,954 955 956 957 958 959 960 961 962 1205 1207 1209 1417,954 955 956 957 958 959 960 961 962 1205 1207 1209 1417,13
111 421,d_structure shape,3 4 50 483 619 620 669 808 857 858 931 956 967 ,4 5 85 734 910 911 981 1172 1245 1246 1377 1414 1428,4 5 85 734 910 911 981 1172 1245 1246 1377 1414 1428,13
53 1,bstr a,26 27 28 29 30 31 32 33 34 817 834 906 952 ,51 52 53 54 55 56 57 58 59 1190 1215 1319 1409,51 52 53 54 55 56 57 58 59 1190 1215 1319 1409,13
314 330 -1 53,number or -1 bstr,23 27 28 29 30 31 32 33 34 35 817 906 952 ,39 52 53 54 55 56 57 58 59 60 1190 1319 1409,39 52 53 54 55 56 57 58 59 60 1190 1319 1409,13
134 485,dimension to,420 421 659 660 661 662 664 665 666 667 667 668 742 823 ,631 632 970 971 972 973 975 976 977 978 978 979 1067 1197,631 632 970 971 972 973 975 976 977 978 979 1067 1197,13
314 60 -1 40 -1 431 -1 1 -1 111,number can -1 be -1 single -1 a -1 d_structure,27 28 29 30 31 32 33 34 35 817 906 952 ,52 53 54 55 56 57 58 59 60 1190 1319 1409,52 53 54 55 56 57 58 59 60 1190 1319 1409,12
314 60 -1 40 -1 1 -1 431 -1 330 -1 53 111,number can -1 be -1 a -1 single -1 or -1 bstr d_structure,27 28 29 30 31 32 33 34 35 817 906 952 ,52 53 54 55 56 57 58 59 60 1190 1319 1409,52 53 54 55 56 57 58 59 60 1190 1319 1409,12
314 60 -1 40 -1 1 -1 431 -1 330 -1 53,number can -1 be -1 a -1 single -1 or -1 bstr,27 28 29 30 31 32 33 34 35 817 906 952 ,52 53 54 55 56 57 58 59 60 1190 1319 1409,52 53 54 55 56 57 58 59 60 1190 1319 1409,12
314 60 -1 40 -1 1 -1 431 -1 330 -1 1,number can -1 be -1 a -1 single -1 or -1 a,27 28 29 30 31 32 33 34 35 817 906 952 ,52 53 54 55 56 57 58 59 60 1190 1319 1409,52 53 54 55 56 57 58 59 60 1190 1319 1409,12
111 319 -1 401,d_structure of -1 returned,650 651 652 653 654 655 656 657 658 827 828 829 ,954 955 956 957 958 959 960 961 962 1205 1207 1209,954 955 956 957 958 959 960 961 962 1205 1207 1209,12
314 60 -1 40 -1 431 -1 330,number can -1 be -1 single -1 or,27 28 29 30 31 32 33 34 35 817 906 952 ,52 53 54 55 56 57 58 59 60 1190 1319 1409,52 53 54 55 56 57 58 59 60 1190 1319 1409,12
314 40 -1 330 -1 53 111,number be -1 or -1 bstr d_structure,27 28 29 30 31 32 33 34 35 817 906 952 ,52 53 54 55 56 57 58 59 60 1190 1319 1409,52 53 54 55 56 57 58 59 60 1190 1319 1409,12
314 60 -1 40 -1 1 -1 431 -1 330 -1 111,number can -1 be -1 a -1 single -1 or -1 d_structure,27 28 29 30 31 32 33 34 35 817 906 952 ,52 53 54 55 56 57 58 59 60 1190 1319 1409,52 53 54 55 56 57 58 59 60 1190 1319 1409,12
314 60 -1 40 -1 1 -1 431 -1 330 -1 1 -1 111,number can -1 be -1 a -1 single -1 or -1 a -1 d_structure,27 28 29 30 31 32 33 34 35 817 906 952 ,52 53 54 55 56 57 58 59 60 1190 1319 1409,52 53 54 55 56 57 58 59 60 1190 1319 1409,12
314 60 -1 40 -1 1 -1 431 -1 53 111,number can -1 be -1 a -1 single -1 bstr d_structure,27 28 29 30 31 32 33 34 35 817 906 952 ,52 53 54 55 56 57 58 59 60 1190 1319 1409,52 53 54 55 56 57 58 59 60 1190 1319 1409,12
314 60 -1 40 -1 1 -1 53 111,number can -1 be -1 a -1 bstr d_structure,27 28 29 30 31 32 33 34 35 35 817 906 952 ,52 53 54 55 56 57 58 59 60 60 1190 1319 1409,52 53 54 55 56 57 58 59 60 1190 1319 1409,12
314 40 -1 330 -1 53,number be -1 or -1 bstr,27 28 29 30 31 32 33 34 35 817 906 952 ,52 53 54 55 56 57 58 59 60 1190 1319 1409,52 53 54 55 56 57 58 59 60 1190 1319 1409,12
314 60 -1 40 -1 1 -1 330 -1 53,number can -1 be -1 a -1 or -1 bstr,27 28 29 30 31 32 33 34 35 817 906 952 ,52 53 54 55 56 57 58 59 60 1190 1319 1409,52 53 54 55 56 57 58 59 60 1190 1319 1409,12
314 40 -1 1 -1 330 -1 53 111,number be -1 a -1 or -1 bstr d_structure,27 28 29 30 31 32 33 34 35 817 906 952 ,52 53 54 55 56 57 58 59 60 1190 1319 1409,52 53 54 55 56 57 58 59 60 1190 1319 1409,12
314 60 -1 40 -1 1 -1 330 -1 53 111,number can -1 be -1 a -1 or -1 bstr d_structure,27 28 29 30 31 32 33 34 35 817 906 952 ,52 53 54 55 56 57 58 59 60 1190 1319 1409,52 53 54 55 56 57 58 59 60 1190 1319 1409,12
314 40 -1 1 -1 330 -1 53,number be -1 a -1 or -1 bstr,27 28 29 30 31 32 33 34 35 817 906 952 ,52 53 54 55 56 57 58 59 60 1190 1319 1409,52 53 54 55 56 57 58 59 60 1190 1319 1409,12
314 60 -1 40 -1 1 -1 431 -1 1 -1 111,number can -1 be -1 a -1 single -1 a -1 d_structure,27 28 29 30 31 32 33 34 35 817 906 952 ,52 53 54 55 56 57 58 59 60 1190 1319 1409,52 53 54 55 56 57 58 59 60 1190 1319 1409,12
314 60 -1 40 -1 1 -1 431 -1 111,number can -1 be -1 a -1 single -1 d_structure,27 28 29 30 31 32 33 34 35 817 906 952 ,52 53 54 55 56 57 58 59 60 1190 1319 1409,52 53 54 55 56 57 58 59 60 1190 1319 1409,12
314 60 -1 40 -1 431 -1 53 111,number can -1 be -1 single -1 bstr d_structure,27 28 29 30 31 32 33 34 35 817 906 952 ,52 53 54 55 56 57 58 59 60 1190 1319 1409,52 53 54 55 56 57 58 59 60 1190 1319 1409,12
314 60 -1 40 -1 431 -1 330 -1 1 -1 111,number can -1 be -1 single -1 or -1 a -1 d_structure,27 28 29 30 31 32 33 34 35 817 906 952 ,52 53 54 55 56 57 58 59 60 1190 1319 1409,52 53 54 55 56 57 58 59 60 1190 1319 1409,12
111 53,d_structure bstr,483 619 620 640 740 741 808 857 858 862 898 901 ,734 910 911 944 1065 1066 1172 1245 1246 1250 1309 1312,734 910 911 944 1065 1066 1172 1245 1246 1250 1309 1312,12
314 60 -1 40 -1 431 -1 330 -1 53,number can -1 be -1 single -1 or -1 bstr,27 28 29 30 31 32 33 34 35 817 906 952 ,52 53 54 55 56 57 58 59 60 1190 1319 1409,52 53 54 55 56 57 58 59 60 1190 1319 1409,12
314 60 -1 40 -1 431 -1 111,number can -1 be -1 single -1 d_structure,27 28 29 30 31 32 33 34 35 817 906 952 ,52 53 54 55 56 57 58 59 60 1190 1319 1409,52 53 54 55 56 57 58 59 60 1190 1319 1409,12
314 60 -1 40 -1 431 -1 330 -1 1,number can -1 be -1 single -1 or -1 a,27 28 29 30 31 32 33 34 35 817 906 952 ,52 53 54 55 56 57 58 59 60 1190 1319 1409,52 53 54 55 56 57 58 59 60 1190 1319 1409,12
314 60 -1 40 -1 431 -1 330 -1 111,number can -1 be -1 single -1 or -1 d_structure,27 28 29 30 31 32 33 34 35 817 906 952 ,52 53 54 55 56 57 58 59 60 1190 1319 1409,52 53 54 55 56 57 58 59 60 1190 1319 1409,12
314 60 -1 40 -1 431 -1 330 -1 53 111,number can -1 be -1 single -1 or -1 bstr d_structure,27 28 29 30 31 32 33 34 35 817 906 952 ,52 53 54 55 56 57 58 59 60 1190 1319 1409,52 53 54 55 56 57 58 59 60 1190 1319 1409,12
314 60 -1 40 -1 53 111,number can -1 be -1 bstr d_structure,27 28 29 30 31 32 33 34 35 817 906 952 ,52 53 54 55 56 57 58 59 60 1190 1319 1409,52 53 54 55 56 57 58 59 60 1190 1319 1409,12
314 60 -1 40 -1 1 -1 431 -1 330,number can -1 be -1 a -1 single -1 or,27 28 29 30 31 32 33 34 35 817 906 952 ,52 53 54 55 56 57 58 59 60 1190 1319 1409,52 53 54 55 56 57 58 59 60 1190 1319 1409,12
314 60 -1 40 -1 330 -1 53,number can -1 be -1 or -1 bstr,27 28 29 30 31 32 33 34 35 817 906 952 ,52 53 54 55 56 57 58 59 60 1190 1319 1409,52 53 54 55 56 57 58 59 60 1190 1319 1409,12
314 60 -1 40 -1 1 -1 53,number can -1 be -1 a -1 bstr,27 28 29 30 31 32 33 34 35 35 817 906 952 ,52 53 54 55 56 57 58 59 60 60 1190 1319 1409,52 53 54 55 56 57 58 59 60 1190 1319 1409,12
314 60 -1 40 -1 431 -1 1,number can -1 be -1 single -1 a,27 28 29 30 31 32 33 34 35 817 906 952 ,52 53 54 55 56 57 58 59 60 1190 1319 1409,52 53 54 55 56 57 58 59 60 1190 1319 1409,12
111 53 319,d_structure bstr of,483 619 620 640 740 741 808 857 858 862 898 901 ,734 910 911 944 1065 1066 1172 1245 1246 1250 1309 1312,734 910 911 944 1065 1066 1172 1245 1246 1250 1309 1312,12
314 60 -1 40 -1 1 -1 431 -1 53,number can -1 be -1 a -1 single -1 bstr,27 28 29 30 31 32 33 34 35 817 906 952 ,52 53 54 55 56 57 58 59 60 1190 1319 1409,52 53 54 55 56 57 58 59 60 1190 1319 1409,12
314 60 -1 40 -1 1 -1 431 -1 1,number can -1 be -1 a -1 single -1 a,27 28 29 30 31 32 33 34 35 817 906 952 ,52 53 54 55 56 57 58 59 60 1190 1319 1409,52 53 54 55 56 57 58 59 60 1190 1319 1409,12
314 60 -1 40 -1 1 -1 431,number can -1 be -1 a -1 single,27 28 29 30 31 32 33 34 35 817 906 952 ,52 53 54 55 56 57 58 59 60 1190 1319 1409,52 53 54 55 56 57 58 59 60 1190 1319 1409,12
314 40 -1 431,number be -1 single,27 28 29 30 31 32 33 34 35 817 906 952 ,52 53 54 55 56 57 58 59 60 1190 1319 1409,52 53 54 55 56 57 58 59 60 1190 1319 1409,12
314 40 -1 1 -1 53 111,number be -1 a -1 bstr d_structure,27 28 29 30 31 32 33 34 35 35 817 906 952 ,52 53 54 55 56 57 58 59 60 60 1190 1319 1409,52 53 54 55 56 57 58 59 60 1190 1319 1409,12
314 40 -1 431 -1 330 -1 1,number be -1 single -1 or -1 a,27 28 29 30 31 32 33 34 35 817 906 952 ,52 53 54 55 56 57 58 59 60 1190 1319 1409,52 53 54 55 56 57 58 59 60 1190 1319 1409,12
314 40 -1 1 -1 431 -1 1,number be -1 a -1 single -1 a,27 28 29 30 31 32 33 34 35 817 906 952 ,52 53 54 55 56 57 58 59 60 1190 1319 1409,52 53 54 55 56 57 58 59 60 1190 1319 1409,12
314 40 -1 1 -1 431 -1 53,number be -1 a -1 single -1 bstr,27 28 29 30 31 32 33 34 35 817 906 952 ,52 53 54 55 56 57 58 59 60 1190 1319 1409,52 53 54 55 56 57 58 59 60 1190 1319 1409,12
314 1 -1 330 -1 53 111,number a -1 or -1 bstr d_structure,27 28 29 30 31 32 33 34 35 817 906 952 ,52 53 54 55 56 57 58 59 60 1190 1319 1409,52 53 54 55 56 57 58 59 60 1190 1319 1409,12
314 40 -1 1 -1 53,number be -1 a -1 bstr,27 28 29 30 31 32 33 34 35 35 817 906 952 ,52 53 54 55 56 57 58 59 60 60 1190 1319 1409,52 53 54 55 56 57 58 59 60 1190 1319 1409,12
314 40 -1 1 -1 431,number be -1 a -1 single,27 28 29 30 31 32 33 34 35 817 906 952 ,52 53 54 55 56 57 58 59 60 1190 1319 1409,52 53 54 55 56 57 58 59 60 1190 1319 1409,12
314 40 -1 53 111,number be -1 bstr d_structure,27 28 29 30 31 32 33 34 35 817 906 952 ,52 53 54 55 56 57 58 59 60 1190 1319 1409,52 53 54 55 56 57 58 59 60 1190 1319 1409,12
314 40 -1 431 -1 330 -1 1 -1 111,number be -1 single -1 or -1 a -1 d_structure,27 28 29 30 31 32 33 34 35 817 906 952 ,52 53 54 55 56 57 58 59 60 1190 1319 1409,52 53 54 55 56 57 58 59 60 1190 1319 1409,12
314 40 -1 431 -1 330 -1 53 111,number be -1 single -1 or -1 bstr d_structure,27 28 29 30 31 32 33 34 35 817 906 952 ,52 53 54 55 56 57 58 59 60 1190 1319 1409,52 53 54 55 56 57 58 59 60 1190 1319 1409,12
314 40 -1 431 -1 330 -1 111,number be -1 single -1 or -1 d_structure,27 28 29 30 31 32 33 34 35 817 906 952 ,52 53 54 55 56 57 58 59 60 1190 1319 1409,52 53 54 55 56 57 58 59 60 1190 1319 1409,12
314 40 -1 431 -1 330 -1 53,number be -1 single -1 or -1 bstr,27 28 29 30 31 32 33 34 35 817 906 952 ,52 53 54 55 56 57 58 59 60 1190 1319 1409,52 53 54 55 56 57 58 59 60 1190 1319 1409,12
314 40 -1 1 -1 431 -1 330,number be -1 a -1 single -1 or,27 28 29 30 31 32 33 34 35 817 906 952 ,52 53 54 55 56 57 58 59 60 1190 1319 1409,52 53 54 55 56 57 58 59 60 1190 1319 1409,12
314 40 -1 431 -1 1 -1 111,number be -1 single -1 a -1 d_structure,27 28 29 30 31 32 33 34 35 817 906 952 ,52 53 54 55 56 57 58 59 60 1190 1319 1409,52 53 54 55 56 57 58 59 60 1190 1319 1409,12
314 53 111,number bstr d_structure,27 28 29 30 31 32 33 34 35 817 906 952 ,52 53 54 55 56 57 58 59 60 1190 1319 1409,52 53 54 55 56 57 58 59 60 1190 1319 1409,12
314 40 -1 431 -1 53 111,number be -1 single -1 bstr d_structure,27 28 29 30 31 32 33 34 35 817 906 952 ,52 53 54 55 56 57 58 59 60 1190 1319 1409,52 53 54 55 56 57 58 59 60 1190 1319 1409,12
314 40 -1 431 -1 111,number be -1 single -1 d_structure,27 28 29 30 31 32 33 34 35 817 906 952 ,52 53 54 55 56 57 58 59 60 1190 1319 1409,52 53 54 55 56 57 58 59 60 1190 1319 1409,12
314 40 -1 431 -1 330,number be -1 single -1 or,27 28 29 30 31 32 33 34 35 817 906 952 ,52 53 54 55 56 57 58 59 60 1190 1319 1409,52 53 54 55 56 57 58 59 60 1190 1319 1409,12
314 40 -1 431 -1 1,number be -1 single -1 a,27 28 29 30 31 32 33 34 35 817 906 952 ,52 53 54 55 56 57 58 59 60 1190 1319 1409,52 53 54 55 56 57 58 59 60 1190 1319 1409,12
314 40 -1 431 -1 53,number be -1 single -1 bstr,27 28 29 30 31 32 33 34 35 817 906 952 ,52 53 54 55 56 57 58 59 60 1190 1319 1409,52 53 54 55 56 57 58 59 60 1190 1319 1409,12
314 330 -1 53 111,number or -1 bstr d_structure,27 28 29 30 31 32 33 34 35 817 906 952 ,52 53 54 55 56 57 58 59 60 1190 1319 1409,52 53 54 55 56 57 58 59 60 1190 1319 1409,12
314 60 -1 40 -1 53,number can -1 be -1 bstr,27 28 29 30 31 32 33 34 35 817 906 952 ,52 53 54 55 56 57 58 59 60 1190 1319 1409,52 53 54 55 56 57 58 59 60 1190 1319 1409,12
314 1 -1 330 -1 53,number a -1 or -1 bstr,27 28 29 30 31 32 33 34 35 817 906 952 ,52 53 54 55 56 57 58 59 60 1190 1319 1409,52 53 54 55 56 57 58 59 60 1190 1319 1409,12
314 1 -1 53 111,number a -1 bstr d_structure,27 28 29 30 31 32 33 34 35 35 817 906 952 ,52 53 54 55 56 57 58 59 60 60 1190 1319 1409,52 53 54 55 56 57 58 59 60 1190 1319 1409,12
314 40 -1 53,number be -1 bstr,27 28 29 30 31 32 33 34 35 817 906 952 ,52 53 54 55 56 57 58 59 60 1190 1319 1409,52 53 54 55 56 57 58 59 60 1190 1319 1409,12
314 1 -1 431 -1 53,number a -1 single -1 bstr,27 28 29 30 31 32 33 34 35 817 906 952 ,52 53 54 55 56 57 58 59 60 1190 1319 1409,52 53 54 55 56 57 58 59 60 1190 1319 1409,12
314 40 -1 1 -1 431 -1 330 -1 1 -1 111,number be -1 a -1 single -1 or -1 a -1 d_structure,27 28 29 30 31 32 33 34 35 817 906 952 ,52 53 54 55 56 57 58 59 60 1190 1319 1409,52 53 54 55 56 57 58 59 60 1190 1319 1409,12
314 1 -1 431,number a -1 single,27 28 29 30 31 32 33 34 35 817 906 952 ,52 53 54 55 56 57 58 59 60 1190 1319 1409,52 53 54 55 56 57 58 59 60 1190 1319 1409,12
314 40 -1 1 -1 431 -1 330 -1 53 111,number be -1 a -1 single -1 or -1 bstr d_structure,27 28 29 30 31 32 33 34 35 817 906 952 ,52 53 54 55 56 57 58 59 60 1190 1319 1409,52 53 54 55 56 57 58 59 60 1190 1319 1409,12
314 1 -1 53,number a -1 bstr,27 28 29 30 31 32 33 34 35 35 817 906 952 ,52 53 54 55 56 57 58 59 60 60 1190 1319 1409,52 53 54 55 56 57 58 59 60 1190 1319 1409,12
314 40 -1 1 -1 431 -1 330 -1 111,number be -1 a -1 single -1 or -1 d_structure,27 28 29 30 31 32 33 34 35 817 906 952 ,52 53 54 55 56 57 58 59 60 1190 1319 1409,52 53 54 55 56 57 58 59 60 1190 1319 1409,12
314 40 -1 1 -1 431 -1 330 -1 1,number be -1 a -1 single -1 or -1 a,27 28 29 30 31 32 33 34 35 817 906 952 ,52 53 54 55 56 57 58 59 60 1190 1319 1409,52 53 54 55 56 57 58 59 60 1190 1319 1409,12
314 40 -1 1 -1 431 -1 330 -1 53,number be -1 a -1 single -1 or -1 bstr,27 28 29 30 31 32 33 34 35 817 906 952 ,52 53 54 55 56 57 58 59 60 1190 1319 1409,52 53 54 55 56 57 58 59 60 1190 1319 1409,12
314 40 -1 1 -1 431 -1 1 -1 111,number be -1 a -1 single -1 a -1 d_structure,27 28 29 30 31 32 33 34 35 817 906 952 ,52 53 54 55 56 57 58 59 60 1190 1319 1409,52 53 54 55 56 57 58 59 60 1190 1319 1409,12
314 40 -1 1 -1 431 -1 53 111,number be -1 a -1 single -1 bstr d_structure,27 28 29 30 31 32 33 34 35 817 906 952 ,52 53 54 55 56 57 58 59 60 1190 1319 1409,52 53 54 55 56 57 58 59 60 1190 1319 1409,12
314 40 -1 1 -1 431 -1 111,number be -1 a -1 single -1 d_structure,27 28 29 30 31 32 33 34 35 817 906 952 ,52 53 54 55 56 57 58 59 60 1190 1319 1409,52 53 54 55 56 57 58 59 60 1190 1319 1409,12
314 1 -1 431 -1 330 -1 1 -1 111,number a -1 single -1 or -1 a -1 d_structure,27 28 29 30 31 32 33 34 35 817 906 952 ,52 53 54 55 56 57 58 59 60 1190 1319 1409,52 53 54 55 56 57 58 59 60 1190 1319 1409,12
314 1 -1 431 -1 1,number a -1 single -1 a,27 28 29 30 31 32 33 34 35 817 906 952 ,52 53 54 55 56 57 58 59 60 1190 1319 1409,52 53 54 55 56 57 58 59 60 1190 1319 1409,12
314 1 -1 431 -1 330,number a -1 single -1 or,27 28 29 30 31 32 33 34 35 817 906 952 ,52 53 54 55 56 57 58 59 60 1190 1319 1409,52 53 54 55 56 57 58 59 60 1190 1319 1409,12
314 1 -1 431 -1 111,number a -1 single -1 d_structure,27 28 29 30 31 32 33 34 35 817 906 952 ,52 53 54 55 56 57 58 59 60 1190 1319 1409,52 53 54 55 56 57 58 59 60 1190 1319 1409,12
314 1 -1 431 -1 53 111,number a -1 single -1 bstr d_structure,27 28 29 30 31 32 33 34 35 817 906 952 ,52 53 54 55 56 57 58 59 60 1190 1319 1409,52 53 54 55 56 57 58 59 60 1190 1319 1409,12
314 1 -1 431 -1 1 -1 111,number a -1 single -1 a -1 d_structure,27 28 29 30 31 32 33 34 35 817 906 952 ,52 53 54 55 56 57 58 59 60 1190 1319 1409,52 53 54 55 56 57 58 59 60 1190 1319 1409,12
314 1 -1 431 -1 330 -1 53,number a -1 single -1 or -1 bstr,27 28 29 30 31 32 33 34 35 817 906 952 ,52 53 54 55 56 57 58 59 60 1190 1319 1409,52 53 54 55 56 57 58 59 60 1190 1319 1409,12
314 1 -1 431 -1 330 -1 1,number a -1 single -1 or -1 a,27 28 29 30 31 32 33 34 35 817 906 952 ,52 53 54 55 56 57 58 59 60 1190 1319 1409,52 53 54 55 56 57 58 59 60 1190 1319 1409,12
314 1 -1 431 -1 330 -1 111,number a -1 single -1 or -1 d_structure,27 28 29 30 31 32 33 34 35 817 906 952 ,52 53 54 55 56 57 58 59 60 1190 1319 1409,52 53 54 55 56 57 58 59 60 1190 1319 1409,12
314 1 -1 431 -1 330 -1 53 111,number a -1 single -1 or -1 bstr d_structure,27 28 29 30 31 32 33 34 35 817 906 952 ,52 53 54 55 56 57 58 59 60 1190 1319 1409,52 53 54 55 56 57 58 59 60 1190 1319 1409,12
314 60 -1 40 -1 330 -1 53 111,number can -1 be -1 or -1 bstr d_structure,27 28 29 30 31 32 33 34 35 817 906 952 ,52 53 54 55 56 57 58 59 60 1190 1319 1409,52 53 54 55 56 57 58 59 60 1190 1319 1409,12
314 60 -1 40 -1 431 -1 53,number can -1 be -1 single -1 bstr,27 28 29 30 31 32 33 34 35 817 906 952 ,52 53 54 55 56 57 58 59 60 1190 1319 1409,52 53 54 55 56 57 58 59 60 1190 1319 1409,12
314 60 -1 40 -1 431,number can -1 be -1 single,27 28 29 30 31 32 33 34 35 817 906 952 ,52 53 54 55 56 57 58 59 60 1190 1319 1409,52 53 54 55 56 57 58 59 60 1190 1319 1409,12
496 477 -1 122 -1 113 -1 111,type the -1 desired -1 data -1 d_structure,650 651 652 653 654 655 656 657 658 827 828 829 ,954 955 956 957 958 959 960 961 962 1205 1207 1209,954 955 956 957 958 959 960 961 962 1205 1207 1209,12
496 477 -1 122 -1 111 319,type the -1 desired -1 d_structure of,650 651 652 653 654 655 656 657 658 827 828 829 ,954 955 956 957 958 959 960 961 962 1205 1207 1209,954 955 956 957 958 959 960 961 962 1205 1207 1209,12
496 477 -1 122 -1 111 401,type the -1 desired -1 d_structure returned,650 651 652 653 654 655 656 657 658 827 828 829 ,954 955 956 957 958 959 960 961 962 1205 1207 1209,954 955 956 957 958 959 960 961 962 1205 1207 1209,12
496 477 -1 122 -1 319 -1 401,type the -1 desired -1 of -1 returned,650 651 652 653 654 655 656 657 658 827 828 829 ,954 955 956 957 958 959 960 961 962 1205 1207 1209,954 955 956 957 958 959 960 961 962 1205 1207 1209,12
496 477 -1 122 -1 113 -1 111 319 -1 401,type the -1 desired -1 data -1 d_structure of -1 returned,650 651 652 653 654 655 656 657 658 827 828 829 ,954 955 956 957 958 959 960 961 962 1205 1207 1209,954 955 956 957 958 959 960 961 962 1205 1207 1209,12
496 477 -1 122 -1 113 -1 111 319,type the -1 desired -1 data -1 d_structure of,650 651 652 653 654 655 656 657 658 827 828 829 ,954 955 956 957 958 959 960 961 962 1205 1207 1209,954 955 956 957 958 959 960 961 962 1205 1207 1209,12
496 477 -1 122 -1 113 -1 111 401,type the -1 desired -1 data -1 d_structure returned,650 651 652 653 654 655 656 657 658 827 828 829 ,954 955 956 957 958 959 960 961 962 1205 1207 1209,954 955 956 957 958 959 960 961 962 1205 1207 1209,12
496 477 -1 122 -1 113 -1 319 -1 401,type the -1 desired -1 data -1 of -1 returned,650 651 652 653 654 655 656 657 658 827 828 829 ,954 955 956 957 958 959 960 961 962 1205 1207 1209,954 955 956 957 958 959 960 961 962 1205 1207 1209,12
496 477 -1 122 -1 113 -1 319,type the -1 desired -1 data -1 of,650 651 652 653 654 655 656 657 658 827 828 829 ,954 955 956 957 958 959 960 961 962 1205 1207 1209,954 955 956 957 958 959 960 961 962 1205 1207 1209,12
496 477 -1 122,type the -1 desired,650 651 652 653 654 655 656 657 658 827 828 829 ,954 955 956 957 958 959 960 961 962 1205 1207 1209,954 955 956 957 958 959 960 961 962 1205 1207 1209,12
496 477 -1 122 -1 113 -1 401,type the -1 desired -1 data -1 returned,650 651 652 653 654 655 656 657 658 827 828 829 ,954 955 956 957 958 959 960 961 962 1205 1207 1209,954 955 956 957 958 959 960 961 962 1205 1207 1209,12
496 477 -1 122 -1 111,type the -1 desired -1 d_structure,650 651 652 653 654 655 656 657 658 827 828 829 ,954 955 956 957 958 959 960 961 962 1205 1207 1209,954 955 956 957 958 959 960 961 962 1205 1207 1209,12
496 477 -1 122 -1 319,type the -1 desired -1 of,650 651 652 653 654 655 656 657 658 827 828 829 ,954 955 956 957 958 959 960 961 962 1205 1207 1209,954 955 956 957 958 959 960 961 962 1205 1207 1209,12
496 477 -1 122 -1 401,type the -1 desired -1 returned,650 651 652 653 654 655 656 657 658 827 828 829 ,954 955 956 957 958 959 960 961 962 1205 1207 1209,954 955 956 957 958 959 960 961 962 1205 1207 1209,12
496 477 -1 122 -1 113,type the -1 desired -1 data,650 651 652 653 654 655 656 657 658 827 828 829 ,954 955 956 957 958 959 960 961 962 1205 1207 1209,954 955 956 957 958 959 960 961 962 1205 1207 1209,12
496 477 -1 319,type the -1 of,650 651 652 653 654 655 656 657 658 827 828 829 ,954 955 956 957 958 959 960 961 962 1205 1207 1209,954 955 956 957 958 959 960 961 962 1205 1207 1209,12
496 477 -1 401,type the -1 returned,650 651 652 653 654 655 656 657 658 827 828 829 ,954 955 956 957 958 959 960 961 962 1205 1207 1209,954 955 956 957 958 959 960 961 962 1205 1207 1209,12
496 477 -1 122 -1 111 319 -1 401,type the -1 desired -1 d_structure of -1 returned,650 651 652 653 654 655 656 657 658 827 828 829 ,954 955 956 957 958 959 960 961 962 1205 1207 1209,954 955 956 957 958 959 960 961 962 1205 1207 1209,12
496 477 -1 113 -1 401,type the -1 data -1 returned,650 651 652 653 654 655 656 657 658 827 828 829 ,954 955 956 957 958 959 960 961 962 1205 1207 1209,954 955 956 957 958 959 960 961 962 1205 1207 1209,12
496 477 -1 113 -1 319,type the -1 data -1 of,650 651 652 653 654 655 656 657 658 827 828 829 ,954 955 956 957 958 959 960 961 962 1205 1207 1209,954 955 956 957 958 959 960 961 962 1205 1207 1209,12
496 477 -1 113 -1 111,type the -1 data -1 d_structure,650 651 652 653 654 655 656 657 658 827 828 829 ,954 955 956 957 958 959 960 961 962 1205 1207 1209,954 955 956 957 958 959 960 961 962 1205 1207 1209,12
314 431 -1 111,number single -1 d_structure,27 28 29 30 31 32 33 34 35 817 906 952 ,52 53 54 55 56 57 58 59 60 1190 1319 1409,52 53 54 55 56 57 58 59 60 1190 1319 1409,12
314 431 -1 330,number single -1 or,27 28 29 30 31 32 33 34 35 817 906 952 ,52 53 54 55 56 57 58 59 60 1190 1319 1409,52 53 54 55 56 57 58 59 60 1190 1319 1409,12
314 431 -1 53,number single -1 bstr,27 28 29 30 31 32 33 34 35 817 906 952 ,52 53 54 55 56 57 58 59 60 1190 1319 1409,52 53 54 55 56 57 58 59 60 1190 1319 1409,12
314 431 -1 1,number single -1 a,27 28 29 30 31 32 33 34 35 817 906 952 ,52 53 54 55 56 57 58 59 60 1190 1319 1409,52 53 54 55 56 57 58 59 60 1190 1319 1409,12
314 431,number single,27 28 29 30 31 32 33 34 35 817 906 952 ,52 53 54 55 56 57 58 59 60 1190 1319 1409,52 53 54 55 56 57 58 59 60 1190 1319 1409,12
53 1 -1 111,bstr a -1 d_structure,27 28 29 30 31 32 33 34 817 834 906 952 ,52 53 54 55 56 57 58 59 1190 1215 1319 1409,52 53 54 55 56 57 58 59 1190 1215 1319 1409,12
421 477 -1 337,shape the -1 output,3 3 4 4 16 17 18 768 769 770 771 772 811 931 931 ,4 4 5 5 29 30 31 1121 1122 1123 1124 1125 1175 1377 1377,4 5 29 30 31 1121 1122 1123 1124 1125 1175 1377,12
496 477 -1 111 319 -1 401,type the -1 d_structure of -1 returned,650 651 652 653 654 655 656 657 658 827 828 829 ,954 955 956 957 958 959 960 961 962 1205 1207 1209,954 955 956 957 958 959 960 961 962 1205 1207 1209,12
496 477 -1 111 319,type the -1 d_structure of,650 651 652 653 654 655 656 657 658 827 828 829 ,954 955 956 957 958 959 960 961 962 1205 1207 1209,954 955 956 957 958 959 960 961 962 1205 1207 1209,12
496 477 -1 111 401,type the -1 d_structure returned,650 651 652 653 654 655 656 657 658 827 828 829 ,954 955 956 957 958 959 960 961 962 1205 1207 1209,954 955 956 957 958 959 960 961 962 1205 1207 1209,12
496 477 -1 319 -1 401,type the -1 of -1 returned,650 651 652 653 654 655 656 657 658 827 828 829 ,954 955 956 957 958 959 960 961 962 1205 1207 1209,954 955 956 957 958 959 960 961 962 1205 1207 1209,12
496 477 -1 113 -1 111 319 -1 401,type the -1 data -1 d_structure of -1 returned,650 651 652 653 654 655 656 657 658 827 828 829 ,954 955 956 957 958 959 960 961 962 1205 1207 1209,954 955 956 957 958 959 960 961 962 1205 1207 1209,12
496 477 -1 113 -1 111 319,type the -1 data -1 d_structure of,650 651 652 653 654 655 656 657 658 827 828 829 ,954 955 956 957 958 959 960 961 962 1205 1207 1209,954 955 956 957 958 959 960 961 962 1205 1207 1209,12
496 477 -1 113 -1 111 401,type the -1 data -1 d_structure returned,650 651 652 653 654 655 656 657 658 827 828 829 ,954 955 956 957 958 959 960 961 962 1205 1207 1209,954 955 956 957 958 959 960 961 962 1205 1207 1209,12
496 477 -1 113 -1 319 -1 401,type the -1 data -1 of -1 returned,650 651 652 653 654 655 656 657 658 827 828 829 ,954 955 956 957 958 959 960 961 962 1205 1207 1209,954 955 956 957 958 959 960 961 962 1205 1207 1209,12
496 477 -1 113,type the -1 data,650 651 652 653 654 655 656 657 658 827 828 829 ,954 955 956 957 958 959 960 961 962 1205 1207 1209,954 955 956 957 958 959 960 961 962 1205 1207 1209,12
496 111 319 -1 401,type d_structure of -1 returned,650 651 652 653 654 655 656 657 658 827 828 829 ,954 955 956 957 958 959 960 961 962 1205 1207 1209,954 955 956 957 958 959 960 961 962 1205 1207 1209,12
314 431 -1 53 111,number single -1 bstr d_structure,27 28 29 30 31 32 33 34 35 817 906 952 ,52 53 54 55 56 57 58 59 60 1190 1319 1409,52 53 54 55 56 57 58 59 60 1190 1319 1409,12
496 122,type desired,650 651 652 653 654 655 656 657 658 827 828 829 ,954 955 956 957 958 959 960 961 962 1205 1207 1209,954 955 956 957 958 959 960 961 962 1205 1207 1209,12
496 122 -1 113 -1 401,type desired -1 data -1 returned,650 651 652 653 654 655 656 657 658 827 828 829 ,954 955 956 957 958 959 960 961 962 1205 1207 1209,954 955 956 957 958 959 960 961 962 1205 1207 1209,12
496 122 -1 111,type desired -1 d_structure,650 651 652 653 654 655 656 657 658 827 828 829 ,954 955 956 957 958 959 960 961 962 1205 1207 1209,954 955 956 957 958 959 960 961 962 1205 1207 1209,12
496 122 -1 319,type desired -1 of,650 651 652 653 654 655 656 657 658 827 828 829 ,954 955 956 957 958 959 960 961 962 1205 1207 1209,954 955 956 957 958 959 960 961 962 1205 1207 1209,12
496 122 -1 401,type desired -1 returned,650 651 652 653 654 655 656 657 658 827 828 829 ,954 955 956 957 958 959 960 961 962 1205 1207 1209,954 955 956 957 958 959 960 961 962 1205 1207 1209,12
496 122 -1 113,type desired -1 data,650 651 652 653 654 655 656 657 658 827 828 829 ,954 955 956 957 958 959 960 961 962 1205 1207 1209,954 955 956 957 958 959 960 961 962 1205 1207 1209,12
496 401,type returned,650 651 652 653 654 655 656 657 658 827 828 829 ,954 955 956 957 958 959 960 961 962 1205 1207 1209,954 955 956 957 958 959 960 961 962 1205 1207 1209,12
496 113,type data,650 651 652 653 654 655 656 657 658 827 828 829 ,954 955 956 957 958 959 960 961 962 1205 1207 1209,954 955 956 957 958 959 960 961 962 1205 1207 1209,12
420 226 -1 91,set if -1 constant_bool,459 460 461 463 464 465 466 467 794 795 836 843 ,683 684 685 691 692 693 694 695 1157 1158 1218 1230,683 684 685 691 692 693 694 695 1157 1158 1218 1230,12
496 111 319,type d_structure of,650 651 652 653 654 655 656 657 658 827 828 829 ,954 955 956 957 958 959 960 961 962 1205 1207 1209,954 955 956 957 958 959 960 961 962 1205 1207 1209,12
420 226 -1 485,set if -1 to,459 460 461 463 464 465 466 467 794 795 836 843 ,683 684 685 691 692 693 694 695 1157 1158 1218 1230,683 684 685 691 692 693 694 695 1157 1158 1218 1230,12
420 226,set if,459 460 461 463 464 465 466 467 794 795 836 843 ,683 684 685 691 692 693 694 695 1157 1158 1218 1230,683 684 685 691 692 693 694 695 1157 1158 1218 1230,12
506 485 -1 477,use to -1 the,659 660 768 769 770 771 772 782 783 784 785 811 ,970 971 1121 1122 1123 1124 1125 1139 1140 1141 1142 1175,970 971 1121 1122 1123 1124 1125 1139 1140 1141 1142 1175,12
506 485,use to,659 660 768 769 770 771 772 782 783 784 785 811 ,970 971 1121 1122 1123 1124 1125 1139 1140 1141 1142 1175,970 971 1121 1122 1123 1124 1125 1139 1140 1141 1142 1175,12
460 477,stride the,632 633 634 635 754 754 755 755 756 756 757 757 950 950 951 953 955 955 955 ,932 933 934 935 1081 1081 1082 1082 1083 1083 1084 1084 1406 1406 1408 1411 1413 1413 1413,932 933 934 935 1081 1082 1083 1084 1406 1408 1411 1413,12
460 319,stride of,632 633 634 635 754 755 756 757 950 951 953 955 ,932 933 934 935 1081 1082 1083 1084 1406 1408 1411 1413,932 933 934 935 1081 1082 1083 1084 1406 1408 1411 1413,12
83 485,compute to,439 603 646 647 768 769 770 771 772 811 833 833 888 ,659 876 950 951 1121 1122 1123 1124 1125 1175 1214 1214 1299,659 876 950 951 1121 1122 1123 1124 1125 1175 1214 1299,12
496 122 -1 113 -1 319,type desired -1 data -1 of,650 651 652 653 654 655 656 657 658 827 828 829 ,954 955 956 957 958 959 960 961 962 1205 1207 1209,954 955 956 957 958 959 960 961 962 1205 1207 1209,12
496 122 -1 113 -1 111,type desired -1 data -1 d_structure,650 651 652 653 654 655 656 657 658 827 828 829 ,954 955 956 957 958 959 960 961 962 1205 1207 1209,954 955 956 957 958 959 960 961 962 1205 1207 1209,12
496 122 -1 113 -1 319 -1 401,type desired -1 data -1 of -1 returned,650 651 652 653 654 655 656 657 658 827 828 829 ,954 955 956 957 958 959 960 961 962 1205 1207 1209,954 955 956 957 958 959 960 961 962 1205 1207 1209,12
496 122 -1 113 -1 111 401,type desired -1 data -1 d_structure returned,650 651 652 653 654 655 656 657 658 827 828 829 ,954 955 956 957 958 959 960 961 962 1205 1207 1209,954 955 956 957 958 959 960 961 962 1205 1207 1209,12
496 111 401,type d_structure returned,650 651 652 653 654 655 656 657 658 827 828 829 ,954 955 956 957 958 959 960 961 962 1205 1207 1209,954 955 956 957 958 959 960 961 962 1205 1207 1209,12
496 319 -1 401,type of -1 returned,650 651 652 653 654 655 656 657 658 827 828 829 ,954 955 956 957 958 959 960 961 962 1205 1207 1209,954 955 956 957 958 959 960 961 962 1205 1207 1209,12
496 113 -1 111 319 -1 401,type data -1 d_structure of -1 returned,650 651 652 653 654 655 656 657 658 827 828 829 ,954 955 956 957 958 959 960 961 962 1205 1207 1209,954 955 956 957 958 959 960 961 962 1205 1207 1209,12
496 113 -1 111 319,type data -1 d_structure of,650 651 652 653 654 655 656 657 658 827 828 829 ,954 955 956 957 958 959 960 961 962 1205 1207 1209,954 955 956 957 958 959 960 961 962 1205 1207 1209,12
496 113 -1 111 401,type data -1 d_structure returned,650 651 652 653 654 655 656 657 658 827 828 829 ,954 955 956 957 958 959 960 961 962 1205 1207 1209,954 955 956 957 958 959 960 961 962 1205 1207 1209,12
496 113 -1 319 -1 401,type data -1 of -1 returned,650 651 652 653 654 655 656 657 658 827 828 829 ,954 955 956 957 958 959 960 961 962 1205 1207 1209,954 955 956 957 958 959 960 961 962 1205 1207 1209,12
496 113 -1 111,type data -1 d_structure,650 651 652 653 654 655 656 657 658 827 828 829 ,954 955 956 957 958 959 960 961 962 1205 1207 1209,954 955 956 957 958 959 960 961 962 1205 1207 1209,12
496 113 -1 319,type data -1 of,650 651 652 653 654 655 656 657 658 827 828 829 ,954 955 956 957 958 959 960 961 962 1205 1207 1209,954 955 956 957 958 959 960 961 962 1205 1207 1209,12
496 113 -1 401,type data -1 returned,650 651 652 653 654 655 656 657 658 827 828 829 ,954 955 956 957 958 959 960 961 962 1205 1207 1209,954 955 956 957 958 959 960 961 962 1205 1207 1209,12
496 122 -1 111 319 -1 401,type desired -1 d_structure of -1 returned,650 651 652 653 654 655 656 657 658 827 828 829 ,954 955 956 957 958 959 960 961 962 1205 1207 1209,954 955 956 957 958 959 960 961 962 1205 1207 1209,12
496 122 -1 111 319,type desired -1 d_structure of,650 651 652 653 654 655 656 657 658 827 828 829 ,954 955 956 957 958 959 960 961 962 1205 1207 1209,954 955 956 957 958 959 960 961 962 1205 1207 1209,12
496 122 -1 111 401,type desired -1 d_structure returned,650 651 652 653 654 655 656 657 658 827 828 829 ,954 955 956 957 958 959 960 961 962 1205 1207 1209,954 955 956 957 958 959 960 961 962 1205 1207 1209,12
496 122 -1 319 -1 401,type desired -1 of -1 returned,650 651 652 653 654 655 656 657 658 827 828 829 ,954 955 956 957 958 959 960 961 962 1205 1207 1209,954 955 956 957 958 959 960 961 962 1205 1207 1209,12
496 122 -1 113 -1 111 319 -1 401,type desired -1 data -1 d_structure of -1 returned,650 651 652 653 654 655 656 657 658 827 828 829 ,954 955 956 957 958 959 960 961 962 1205 1207 1209,954 955 956 957 958 959 960 961 962 1205 1207 1209,12
496 122 -1 113 -1 111 319,type desired -1 data -1 d_structure of,650 651 652 653 654 655 656 657 658 827 828 829 ,954 955 956 957 958 959 960 961 962 1205 1207 1209,954 955 956 957 958 959 960 961 962 1205 1207 1209,12
314 431 -1 1 -1 111,number single -1 a -1 d_structure,27 28 29 30 31 32 33 34 35 817 906 952 ,52 53 54 55 56 57 58 59 60 1190 1319 1409,52 53 54 55 56 57 58 59 60 1190 1319 1409,12
421 337,shape output,3 4 16 17 18 768 769 770 771 772 811 931 ,4 5 29 30 31 1121 1122 1123 1124 1125 1175 1377,4 5 29 30 31 1121 1122 1123 1124 1125 1175 1377,12
314 60 -1 1 -1 431 -1 330 -1 53,number can -1 a -1 single -1 or -1 bstr,27 28 29 30 31 32 33 34 35 817 906 952 ,52 53 54 55 56 57 58 59 60 1190 1319 1409,52 53 54 55 56 57 58 59 60 1190 1319 1409,12
314 60 -1 1 -1 431 -1 330 -1 1,number can -1 a -1 single -1 or -1 a,27 28 29 30 31 32 33 34 35 817 906 952 ,52 53 54 55 56 57 58 59 60 1190 1319 1409,52 53 54 55 56 57 58 59 60 1190 1319 1409,12
314 60 -1 1 -1 431 -1 330 -1 1 -1 111,number can -1 a -1 single -1 or -1 a -1 d_structure,27 28 29 30 31 32 33 34 35 817 906 952 ,52 53 54 55 56 57 58 59 60 1190 1319 1409,52 53 54 55 56 57 58 59 60 1190 1319 1409,12
314 60 -1 431 -1 330 -1 53,number can -1 single -1 or -1 bstr,27 28 29 30 31 32 33 34 35 817 906 952 ,52 53 54 55 56 57 58 59 60 1190 1319 1409,52 53 54 55 56 57 58 59 60 1190 1319 1409,12
314 60 -1 431 -1 1 -1 111,number can -1 single -1 a -1 d_structure,27 28 29 30 31 32 33 34 35 817 906 952 ,52 53 54 55 56 57 58 59 60 1190 1319 1409,52 53 54 55 56 57 58 59 60 1190 1319 1409,12
314 60 -1 1 -1 431 -1 1,number can -1 a -1 single -1 a,27 28 29 30 31 32 33 34 35 817 906 952 ,52 53 54 55 56 57 58 59 60 1190 1319 1409,52 53 54 55 56 57 58 59 60 1190 1319 1409,12
314 60 -1 1 -1 431 -1 330,number can -1 a -1 single -1 or,27 28 29 30 31 32 33 34 35 817 906 952 ,52 53 54 55 56 57 58 59 60 1190 1319 1409,52 53 54 55 56 57 58 59 60 1190 1319 1409,12
314 60 -1 1 -1 431 -1 330 -1 53 111,number can -1 a -1 single -1 or -1 bstr d_structure,27 28 29 30 31 32 33 34 35 817 906 952 ,52 53 54 55 56 57 58 59 60 1190 1319 1409,52 53 54 55 56 57 58 59 60 1190 1319 1409,12
314 60 -1 1 -1 431 -1 330 -1 111,number can -1 a -1 single -1 or -1 d_structure,27 28 29 30 31 32 33 34 35 817 906 952 ,52 53 54 55 56 57 58 59 60 1190 1319 1409,52 53 54 55 56 57 58 59 60 1190 1319 1409,12
314 60 -1 431 -1 53 111,number can -1 single -1 bstr d_structure,27 28 29 30 31 32 33 34 35 817 906 952 ,52 53 54 55 56 57 58 59 60 1190 1319 1409,52 53 54 55 56 57 58 59 60 1190 1319 1409,12
314 60 -1 53 111,number can -1 bstr d_structure,27 28 29 30 31 32 33 34 35 817 906 952 ,52 53 54 55 56 57 58 59 60 1190 1319 1409,52 53 54 55 56 57 58 59 60 1190 1319 1409,12
314 60 -1 431 -1 330,number can -1 single -1 or,27 28 29 30 31 32 33 34 35 817 906 952 ,52 53 54 55 56 57 58 59 60 1190 1319 1409,52 53 54 55 56 57 58 59 60 1190 1319 1409,12
314 431 -1 330 -1 53 111,number single -1 or -1 bstr d_structure,27 28 29 30 31 32 33 34 35 817 906 952 ,52 53 54 55 56 57 58 59 60 1190 1319 1409,52 53 54 55 56 57 58 59 60 1190 1319 1409,12
314 60 -1 1 -1 431 -1 1 -1 111,number can -1 a -1 single -1 a -1 d_structure,27 28 29 30 31 32 33 34 35 817 906 952 ,52 53 54 55 56 57 58 59 60 1190 1319 1409,52 53 54 55 56 57 58 59 60 1190 1319 1409,12
314 60 -1 431,number can -1 single,27 28 29 30 31 32 33 34 35 817 906 952 ,52 53 54 55 56 57 58 59 60 1190 1319 1409,52 53 54 55 56 57 58 59 60 1190 1319 1409,12
314 60 -1 1 -1 431 -1 111,number can -1 a -1 single -1 d_structure,27 28 29 30 31 32 33 34 35 817 906 952 ,52 53 54 55 56 57 58 59 60 1190 1319 1409,52 53 54 55 56 57 58 59 60 1190 1319 1409,12
314 60 -1 53,number can -1 bstr,27 28 29 30 31 32 33 34 35 817 906 952 ,52 53 54 55 56 57 58 59 60 1190 1319 1409,52 53 54 55 56 57 58 59 60 1190 1319 1409,12
314 60 -1 1 -1 431 -1 53 111,number can -1 a -1 single -1 bstr d_structure,27 28 29 30 31 32 33 34 35 817 906 952 ,52 53 54 55 56 57 58 59 60 1190 1319 1409,52 53 54 55 56 57 58 59 60 1190 1319 1409,12
314 60 -1 431 -1 53,number can -1 single -1 bstr,27 28 29 30 31 32 33 34 35 817 906 952 ,52 53 54 55 56 57 58 59 60 1190 1319 1409,52 53 54 55 56 57 58 59 60 1190 1319 1409,12
314 60 -1 431 -1 111,number can -1 single -1 d_structure,27 28 29 30 31 32 33 34 35 817 906 952 ,52 53 54 55 56 57 58 59 60 1190 1319 1409,52 53 54 55 56 57 58 59 60 1190 1319 1409,12
314 60 -1 431 -1 330 -1 1,number can -1 single -1 or -1 a,27 28 29 30 31 32 33 34 35 817 906 952 ,52 53 54 55 56 57 58 59 60 1190 1319 1409,52 53 54 55 56 57 58 59 60 1190 1319 1409,12
314 60 -1 1 -1 431 -1 53,number can -1 a -1 single -1 bstr,27 28 29 30 31 32 33 34 35 817 906 952 ,52 53 54 55 56 57 58 59 60 1190 1319 1409,52 53 54 55 56 57 58 59 60 1190 1319 1409,12
314 60 -1 431 -1 330 -1 111,number can -1 single -1 or -1 d_structure,27 28 29 30 31 32 33 34 35 817 906 952 ,52 53 54 55 56 57 58 59 60 1190 1319 1409,52 53 54 55 56 57 58 59 60 1190 1319 1409,12
314 431 -1 330 -1 1 -1 111,number single -1 or -1 a -1 d_structure,27 28 29 30 31 32 33 34 35 817 906 952 ,52 53 54 55 56 57 58 59 60 1190 1319 1409,52 53 54 55 56 57 58 59 60 1190 1319 1409,12
314 60 -1 330 -1 53 111,number can -1 or -1 bstr d_structure,27 28 29 30 31 32 33 34 35 817 906 952 ,52 53 54 55 56 57 58 59 60 1190 1319 1409,52 53 54 55 56 57 58 59 60 1190 1319 1409,12
314 60 -1 431 -1 330 -1 1 -1 111,number can -1 single -1 or -1 a -1 d_structure,27 28 29 30 31 32 33 34 35 817 906 952 ,52 53 54 55 56 57 58 59 60 1190 1319 1409,52 53 54 55 56 57 58 59 60 1190 1319 1409,12
314 60 -1 330 -1 53,number can -1 or -1 bstr,27 28 29 30 31 32 33 34 35 817 906 952 ,52 53 54 55 56 57 58 59 60 1190 1319 1409,52 53 54 55 56 57 58 59 60 1190 1319 1409,12
314 431 -1 330 -1 1,number single -1 or -1 a,27 28 29 30 31 32 33 34 35 817 906 952 ,52 53 54 55 56 57 58 59 60 1190 1319 1409,52 53 54 55 56 57 58 59 60 1190 1319 1409,12
314 431 -1 330 -1 53,number single -1 or -1 bstr,27 28 29 30 31 32 33 34 35 817 906 952 ,52 53 54 55 56 57 58 59 60 1190 1319 1409,52 53 54 55 56 57 58 59 60 1190 1319 1409,12
314 431 -1 330 -1 111,number single -1 or -1 d_structure,27 28 29 30 31 32 33 34 35 817 906 952 ,52 53 54 55 56 57 58 59 60 1190 1319 1409,52 53 54 55 56 57 58 59 60 1190 1319 1409,12
314 60 -1 1 -1 53 111,number can -1 a -1 bstr d_structure,27 28 29 30 31 32 33 34 35 35 817 906 952 ,52 53 54 55 56 57 58 59 60 60 1190 1319 1409,52 53 54 55 56 57 58 59 60 1190 1319 1409,12
314 60 -1 1 -1 330 -1 53 111,number can -1 a -1 or -1 bstr d_structure,27 28 29 30 31 32 33 34 35 817 906 952 ,52 53 54 55 56 57 58 59 60 1190 1319 1409,52 53 54 55 56 57 58 59 60 1190 1319 1409,12
314 60 -1 431 -1 330 -1 53 111,number can -1 single -1 or -1 bstr d_structure,27 28 29 30 31 32 33 34 35 817 906 952 ,52 53 54 55 56 57 58 59 60 1190 1319 1409,52 53 54 55 56 57 58 59 60 1190 1319 1409,12
314 60 -1 1 -1 431,number can -1 a -1 single,27 28 29 30 31 32 33 34 35 817 906 952 ,52 53 54 55 56 57 58 59 60 1190 1319 1409,52 53 54 55 56 57 58 59 60 1190 1319 1409,12
314 60 -1 1 -1 330 -1 53,number can -1 a -1 or -1 bstr,27 28 29 30 31 32 33 34 35 817 906 952 ,52 53 54 55 56 57 58 59 60 1190 1319 1409,52 53 54 55 56 57 58 59 60 1190 1319 1409,12
314 60 -1 1 -1 53,number can -1 a -1 bstr,27 28 29 30 31 32 33 34 35 35 817 906 952 ,52 53 54 55 56 57 58 59 60 60 1190 1319 1409,52 53 54 55 56 57 58 59 60 1190 1319 1409,12
314 60 -1 431 -1 1,number can -1 single -1 a,27 28 29 30 31 32 33 34 35 817 906 952 ,52 53 54 55 56 57 58 59 60 1190 1319 1409,52 53 54 55 56 57 58 59 60 1190 1319 1409,12
314 60 -1 40 -1 1 -1 431 -1 53 1 -1 111,number can -1 be -1 a -1 single -1 bstr a -1 d_structure,27 28 29 30 31 32 33 34 817 906 952 ,52 53 54 55 56 57 58 59 1190 1319 1409,52 53 54 55 56 57 58 59 1190 1319 1409,11
314 60 -1 40 -1 1 -1 431 -1 330 -1 53 1 -1 111,number can -1 be -1 a -1 single -1 or -1 bstr a -1 d_structure,27 28 29 30 31 32 33 34 817 906 952 ,52 53 54 55 56 57 58 59 1190 1319 1409,52 53 54 55 56 57 58 59 1190 1319 1409,11
314 40 -1 1 -1 330 -1 53 1 -1 111,number be -1 a -1 or -1 bstr a -1 d_structure,27 28 29 30 31 32 33 34 817 906 952 ,52 53 54 55 56 57 58 59 1190 1319 1409,52 53 54 55 56 57 58 59 1190 1319 1409,11
314 60 -1 53 1 -1 111,number can -1 bstr a -1 d_structure,27 28 29 30 31 32 33 34 817 906 952 ,52 53 54 55 56 57 58 59 1190 1319 1409,52 53 54 55 56 57 58 59 1190 1319 1409,11
314 60 -1 40 -1 1 -1 431 -1 330 -1 53 1,number can -1 be -1 a -1 single -1 or -1 bstr a,27 28 29 30 31 32 33 34 817 906 952 ,52 53 54 55 56 57 58 59 1190 1319 1409,52 53 54 55 56 57 58 59 1190 1319 1409,11
314 40 -1 330 -1 53 1,number be -1 or -1 bstr a,27 28 29 30 31 32 33 34 817 906 952 ,52 53 54 55 56 57 58 59 1190 1319 1409,52 53 54 55 56 57 58 59 1190 1319 1409,11
314 40 -1 330 -1 53 1 -1 111,number be -1 or -1 bstr a -1 d_structure,27 28 29 30 31 32 33 34 817 906 952 ,52 53 54 55 56 57 58 59 1190 1319 1409,52 53 54 55 56 57 58 59 1190 1319 1409,11
314 40 -1 1 -1 330 -1 53 1,number be -1 a -1 or -1 bstr a,27 28 29 30 31 32 33 34 817 906 952 ,52 53 54 55 56 57 58 59 1190 1319 1409,52 53 54 55 56 57 58 59 1190 1319 1409,11
314 1 -1 431 -1 330 -1 53 1 -1 111,number a -1 single -1 or -1 bstr a -1 d_structure,27 28 29 30 31 32 33 34 817 906 952 ,52 53 54 55 56 57 58 59 1190 1319 1409,52 53 54 55 56 57 58 59 1190 1319 1409,11
314 60 -1 40 -1 1 -1 431 -1 53 1,number can -1 be -1 a -1 single -1 bstr a,27 28 29 30 31 32 33 34 817 906 952 ,52 53 54 55 56 57 58 59 1190 1319 1409,52 53 54 55 56 57 58 59 1190 1319 1409,11
314 60 -1 1 -1 431 -1 53 1,number can -1 a -1 single -1 bstr a,27 28 29 30 31 32 33 34 817 906 952 ,52 53 54 55 56 57 58 59 1190 1319 1409,52 53 54 55 56 57 58 59 1190 1319 1409,11
111 319 -1 337,d_structure of -1 output,3 3 4 4 438 640 740 741 744 745 863 898 931 931 ,4 4 5 5 658 944 1065 1066 1069 1070 1251 1309 1377 1377,4 5 658 944 1065 1066 1069 1070 1251 1309 1377,11
314 60 -1 330 -1 53 1,number can -1 or -1 bstr a,27 28 29 30 31 32 33 34 817 906 952 ,52 53 54 55 56 57 58 59 1190 1319 1409,52 53 54 55 56 57 58 59 1190 1319 1409,11
314 60 -1 1 -1 330 -1 53 1 -1 111,number can -1 a -1 or -1 bstr a -1 d_structure,27 28 29 30 31 32 33 34 817 906 952 ,52 53 54 55 56 57 58 59 1190 1319 1409,52 53 54 55 56 57 58 59 1190 1319 1409,11
400 91,return constant_bool,435 446 447 448 449 908 926 940 943 946 949 ,655 666 667 668 669 1324 1368 1395 1398 1401 1404,655 666 667 668 669 1324 1368 1395 1398 1401 1404,11
314 60 -1 40 -1 431 -1 53 1,number can -1 be -1 single -1 bstr a,27 28 29 30 31 32 33 34 817 906 952 ,52 53 54 55 56 57 58 59 1190 1319 1409,52 53 54 55 56 57 58 59 1190 1319 1409,11
314 60 -1 40 -1 431 -1 53 1 -1 111,number can -1 be -1 single -1 bstr a -1 d_structure,27 28 29 30 31 32 33 34 817 906 952 ,52 53 54 55 56 57 58 59 1190 1319 1409,52 53 54 55 56 57 58 59 1190 1319 1409,11
420 226 -1 91 485,set if -1 constant_bool to,459 460 461 463 464 465 466 467 794 795 843 ,683 684 685 691 692 693 694 695 1157 1158 1230,683 684 685 691 692 693 694 695 1157 1158 1230,11
314 60 -1 1 -1 330 -1 53 1,number can -1 a -1 or -1 bstr a,27 28 29 30 31 32 33 34 817 906 952 ,52 53 54 55 56 57 58 59 1190 1319 1409,52 53 54 55 56 57 58 59 1190 1319 1409,11
111 344,d_structure param,6 6 38 42 50 462 605 660 698 743 850 956 ,7 7 69 77 85 686 879 971 1013 1068 1238 1414,7 69 77 85 686 879 971 1013 1068 1238 1414,11
314 60 -1 1 -1 53 1 -1 111,number can -1 a -1 bstr a -1 d_structure,27 28 29 30 31 32 33 34 817 906 952 ,52 53 54 55 56 57 58 59 1190 1319 1409,52 53 54 55 56 57 58 59 1190 1319 1409,11
314 60 -1 40 -1 431 -1 330 -1 53 1,number can -1 be -1 single -1 or -1 bstr a,27 28 29 30 31 32 33 34 817 906 952 ,52 53 54 55 56 57 58 59 1190 1319 1409,52 53 54 55 56 57 58 59 1190 1319 1409,11
314 60 -1 1 -1 53 1,number can -1 a -1 bstr a,27 28 29 30 31 32 33 34 817 906 952 ,52 53 54 55 56 57 58 59 1190 1319 1409,52 53 54 55 56 57 58 59 1190 1319 1409,11
112 319,d_type of,3 4 12 48 170 170 171 171 172 172 173 173 173 885 931 1090 1090 ,4 5 25 83 205 205 206 206 207 207 208 208 208 1293 1377 1551 1551,4 5 25 83 205 206 207 208 1293 1377 1551,11
314 60 -1 40 -1 431 -1 330 -1 53 1 -1 111,number can -1 be -1 single -1 or -1 bstr a -1 d_structure,27 28 29 30 31 32 33 34 817 906 952 ,52 53 54 55 56 57 58 59 1190 1319 1409,52 53 54 55 56 57 58 59 1190 1319 1409,11
314 60 -1 40 -1 53 1,number can -1 be -1 bstr a,27 28 29 30 31 32 33 34 817 906 952 ,52 53 54 55 56 57 58 59 1190 1319 1409,52 53 54 55 56 57 58 59 1190 1319 1409,11
314 60 -1 1 -1 431 -1 330 -1 53 1 -1 111,number can -1 a -1 single -1 or -1 bstr a -1 d_structure,27 28 29 30 31 32 33 34 817 906 952 ,52 53 54 55 56 57 58 59 1190 1319 1409,52 53 54 55 56 57 58 59 1190 1319 1409,11
314 60 -1 40 -1 53 1 -1 111,number can -1 be -1 bstr a -1 d_structure,27 28 29 30 31 32 33 34 817 906 952 ,52 53 54 55 56 57 58 59 1190 1319 1409,52 53 54 55 56 57 58 59 1190 1319 1409,11
91 344,constant_bool param,437 437 440 457 458 459 460 460 460 460 625 626 794 795 795 795 795 804 ,657 657 660 679 680 683 684 684 684 684 921 922 1157 1158 1158 1158 1158 1168,657 660 679 680 683 684 921 922 1157 1158 1168,11
314 60 -1 1 -1 431 -1 330 -1 53 1,number can -1 a -1 single -1 or -1 bstr a,27 28 29 30 31 32 33 34 817 906 952 ,52 53 54 55 56 57 58 59 1190 1319 1409,52 53 54 55 56 57 58 59 1190 1319 1409,11
226 91,if constant_bool,431 432 436 437 439 440 804 814 816 870 909 ,651 652 656 657 659 660 1168 1178 1181 1260 1325,651 652 656 657 659 660 1168 1178 1181 1260 1325,11
314 60 -1 1 -1 431 -1 53 1 -1 111,number can -1 a -1 single -1 bstr a -1 d_structure,27 28 29 30 31 32 33 34 817 906 952 ,52 53 54 55 56 57 58 59 1190 1319 1409,52 53 54 55 56 57 58 59 1190 1319 1409,11
314 60 -1 40 -1 1 -1 53 1,number can -1 be -1 a -1 bstr a,27 28 29 30 31 32 33 34 817 906 952 ,52 53 54 55 56 57 58 59 1190 1319 1409,52 53 54 55 56 57 58 59 1190 1319 1409,11
314 60 -1 53 1,number can -1 bstr a,27 28 29 30 31 32 33 34 817 906 952 ,52 53 54 55 56 57 58 59 1190 1319 1409,52 53 54 55 56 57 58 59 1190 1319 1409,11
314 60 -1 40 -1 1 -1 53 1 -1 111,number can -1 be -1 a -1 bstr a -1 d_structure,27 28 29 30 31 32 33 34 817 906 952 ,52 53 54 55 56 57 58 59 1190 1319 1409,52 53 54 55 56 57 58 59 1190 1319 1409,11
314 1 -1 53 1 -1 111,number a -1 bstr a -1 d_structure,27 28 29 30 31 32 33 34 817 906 952 ,52 53 54 55 56 57 58 59 1190 1319 1409,52 53 54 55 56 57 58 59 1190 1319 1409,11
314 40 -1 431 -1 53 1,number be -1 single -1 bstr a,27 28 29 30 31 32 33 34 817 906 952 ,52 53 54 55 56 57 58 59 1190 1319 1409,52 53 54 55 56 57 58 59 1190 1319 1409,11
314 60 -1 330 -1 53 1 -1 111,number can -1 or -1 bstr a -1 d_structure,27 28 29 30 31 32 33 34 817 906 952 ,52 53 54 55 56 57 58 59 1190 1319 1409,52 53 54 55 56 57 58 59 1190 1319 1409,11
314 431 -1 330 -1 53 1,number single -1 or -1 bstr a,27 28 29 30 31 32 33 34 817 906 952 ,52 53 54 55 56 57 58 59 1190 1319 1409,52 53 54 55 56 57 58 59 1190 1319 1409,11
434 477 -1 477,size the -1 the,12 468 746 747 748 749 750 751 752 874 905 ,25 699 1071 1072 1073 1074 1075 1076 1077 1264 1318,25 699 1071 1072 1073 1074 1075 1076 1077 1264 1318,11
434 477 -1 319 -1 477,size the -1 of -1 the,12 468 746 747 748 749 750 751 752 874 905 ,25 699 1071 1072 1073 1074 1075 1076 1077 1264 1318,25 699 1071 1072 1073 1074 1075 1076 1077 1264 1318,11
370 370,qstr qstr,414 613 613 627 627 628 628 629 629 630 630 631 631 631 918 918 919 919 919 920 920 921 921 ,604 900 900 926 926 927 927 928 928 929 929 930 930 930 1347 1347 1353 1353 1353 1357 1357 1361 1361,604 900 926 927 928 929 930 1347 1353 1357 1361,11
314 1 -1 53 1,number a -1 bstr a,27 28 29 30 31 32 33 34 817 906 952 ,52 53 54 55 56 57 58 59 1190 1319 1409,52 53 54 55 56 57 58 59 1190 1319 1409,11
314 431 -1 53 1,number single -1 bstr a,27 28 29 30 31 32 33 34 817 906 952 ,52 53 54 55 56 57 58 59 1190 1319 1409,52 53 54 55 56 57 58 59 1190 1319 1409,11
314 431 -1 53 1 -1 111,number single -1 bstr a -1 d_structure,27 28 29 30 31 32 33 34 817 906 952 ,52 53 54 55 56 57 58 59 1190 1319 1409,52 53 54 55 56 57 58 59 1190 1319 1409,11
314 40 -1 431 -1 53 1 -1 111,number be -1 single -1 bstr a -1 d_structure,27 28 29 30 31 32 33 34 817 906 952 ,52 53 54 55 56 57 58 59 1190 1319 1409,52 53 54 55 56 57 58 59 1190 1319 1409,11
314 330 -1 53 1 -1 111,number or -1 bstr a -1 d_structure,27 28 29 30 31 32 33 34 817 906 952 ,52 53 54 55 56 57 58 59 1190 1319 1409,52 53 54 55 56 57 58 59 1190 1319 1409,11
314 1 -1 431 -1 330 -1 53 1,number a -1 single -1 or -1 bstr a,27 28 29 30 31 32 33 34 817 906 952 ,52 53 54 55 56 57 58 59 1190 1319 1409,52 53 54 55 56 57 58 59 1190 1319 1409,11
314 330 -1 53 1,number or -1 bstr a,27 28 29 30 31 32 33 34 817 906 952 ,52 53 54 55 56 57 58 59 1190 1319 1409,52 53 54 55 56 57 58 59 1190 1319 1409,11
314 1 -1 330 -1 53 1,number a -1 or -1 bstr a,27 28 29 30 31 32 33 34 817 906 952 ,52 53 54 55 56 57 58 59 1190 1319 1409,52 53 54 55 56 57 58 59 1190 1319 1409,11
314 1 -1 330 -1 53 1 -1 111,number a -1 or -1 bstr a -1 d_structure,27 28 29 30 31 32 33 34 817 906 952 ,52 53 54 55 56 57 58 59 1190 1319 1409,52 53 54 55 56 57 58 59 1190 1319 1409,11
314 1 -1 431 -1 53 1 -1 111,number a -1 single -1 bstr a -1 d_structure,27 28 29 30 31 32 33 34 817 906 952 ,52 53 54 55 56 57 58 59 1190 1319 1409,52 53 54 55 56 57 58 59 1190 1319 1409,11
314 53 1 -1 111,number bstr a -1 d_structure,27 28 29 30 31 32 33 34 817 906 952 ,52 53 54 55 56 57 58 59 1190 1319 1409,52 53 54 55 56 57 58 59 1190 1319 1409,11
314 53 1,number bstr a,27 28 29 30 31 32 33 34 817 906 952 ,52 53 54 55 56 57 58 59 1190 1319 1409,52 53 54 55 56 57 58 59 1190 1319 1409,11
134 477 -1 485,dimension the -1 to,659 660 661 662 664 665 666 667 667 668 742 823 ,970 971 972 973 975 976 977 978 978 979 1067 1197,970 971 972 973 975 976 977 978 979 1067 1197,11
511 477,value the,7 8 9 415 446 462 665 940 943 946 949 ,8 9 10 614 666 686 976 1395 1398 1401 1404,8 9 10 614 666 686 976 1395 1398 1401 1404,11
314 1 -1 431 -1 53 1,number a -1 single -1 bstr a,27 28 29 30 31 32 33 34 817 906 952 ,52 53 54 55 56 57 58 59 1190 1319 1409,52 53 54 55 56 57 58 59 1190 1319 1409,11
314 431 -1 330 -1 53 1 -1 111,number single -1 or -1 bstr a -1 d_structure,27 28 29 30 31 32 33 34 817 906 952 ,52 53 54 55 56 57 58 59 1190 1319 1409,52 53 54 55 56 57 58 59 1190 1319 1409,11
314 40 -1 1 -1 53 1 -1 111,number be -1 a -1 bstr a -1 d_structure,27 28 29 30 31 32 33 34 817 906 952 ,52 53 54 55 56 57 58 59 1190 1319 1409,52 53 54 55 56 57 58 59 1190 1319 1409,11
314 40 -1 1 -1 53 1,number be -1 a -1 bstr a,27 28 29 30 31 32 33 34 817 906 952 ,52 53 54 55 56 57 58 59 1190 1319 1409,52 53 54 55 56 57 58 59 1190 1319 1409,11
314 60 -1 431 -1 330 -1 53 1 -1 111,number can -1 single -1 or -1 bstr a -1 d_structure,27 28 29 30 31 32 33 34 817 906 952 ,52 53 54 55 56 57 58 59 1190 1319 1409,52 53 54 55 56 57 58 59 1190 1319 1409,11
314 40 -1 1 -1 431 -1 330 -1 53 1 -1 111,number be -1 a -1 single -1 or -1 bstr a -1 d_structure,27 28 29 30 31 32 33 34 817 906 952 ,52 53 54 55 56 57 58 59 1190 1319 1409,52 53 54 55 56 57 58 59 1190 1319 1409,11
314 40 -1 1 -1 431 -1 330 -1 53 1,number be -1 a -1 single -1 or -1 bstr a,27 28 29 30 31 32 33 34 817 906 952 ,52 53 54 55 56 57 58 59 1190 1319 1409,52 53 54 55 56 57 58 59 1190 1319 1409,11
314 60 -1 40 -1 1 -1 330 -1 53 1,number can -1 be -1 a -1 or -1 bstr a,27 28 29 30 31 32 33 34 817 906 952 ,52 53 54 55 56 57 58 59 1190 1319 1409,52 53 54 55 56 57 58 59 1190 1319 1409,11
314 60 -1 431 -1 330 -1 53 1,number can -1 single -1 or -1 bstr a,27 28 29 30 31 32 33 34 817 906 952 ,52 53 54 55 56 57 58 59 1190 1319 1409,52 53 54 55 56 57 58 59 1190 1319 1409,11
314 60 -1 40 -1 1 -1 330 -1 53 1 -1 111,number can -1 be -1 a -1 or -1 bstr a -1 d_structure,27 28 29 30 31 32 33 34 817 906 952 ,52 53 54 55 56 57 58 59 1190 1319 1409,52 53 54 55 56 57 58 59 1190 1319 1409,11
314 40 -1 1 -1 431 -1 53 1 -1 111,number be -1 a -1 single -1 bstr a -1 d_structure,27 28 29 30 31 32 33 34 817 906 952 ,52 53 54 55 56 57 58 59 1190 1319 1409,52 53 54 55 56 57 58 59 1190 1319 1409,11
314 40 -1 1 -1 431 -1 53 1,number be -1 a -1 single -1 bstr a,27 28 29 30 31 32 33 34 817 906 952 ,52 53 54 55 56 57 58 59 1190 1319 1409,52 53 54 55 56 57 58 59 1190 1319 1409,11
314 60 -1 40 -1 330 -1 53 1,number can -1 be -1 or -1 bstr a,27 28 29 30 31 32 33 34 817 906 952 ,52 53 54 55 56 57 58 59 1190 1319 1409,52 53 54 55 56 57 58 59 1190 1319 1409,11
314 60 -1 431 -1 53 1 -1 111,number can -1 single -1 bstr a -1 d_structure,27 28 29 30 31 32 33 34 817 906 952 ,52 53 54 55 56 57 58 59 1190 1319 1409,52 53 54 55 56 57 58 59 1190 1319 1409,11
314 60 -1 40 -1 330 -1 53 1 -1 111,number can -1 be -1 or -1 bstr a -1 d_structure,27 28 29 30 31 32 33 34 817 906 952 ,52 53 54 55 56 57 58 59 1190 1319 1409,52 53 54 55 56 57 58 59 1190 1319 1409,11
314 60 -1 431 -1 53 1,number can -1 single -1 bstr a,27 28 29 30 31 32 33 34 817 906 952 ,52 53 54 55 56 57 58 59 1190 1319 1409,52 53 54 55 56 57 58 59 1190 1319 1409,11
314 40 -1 53 1 -1 111,number be -1 bstr a -1 d_structure,27 28 29 30 31 32 33 34 817 906 952 ,52 53 54 55 56 57 58 59 1190 1319 1409,52 53 54 55 56 57 58 59 1190 1319 1409,11
314 40 -1 53 1,number be -1 bstr a,27 28 29 30 31 32 33 34 817 906 952 ,52 53 54 55 56 57 58 59 1190 1319 1409,52 53 54 55 56 57 58 59 1190 1319 1409,11
314 40 -1 431 -1 330 -1 53 1 -1 111,number be -1 single -1 or -1 bstr a -1 d_structure,27 28 29 30 31 32 33 34 817 906 952 ,52 53 54 55 56 57 58 59 1190 1319 1409,52 53 54 55 56 57 58 59 1190 1319 1409,11
314 40 -1 431 -1 330 -1 53 1,number be -1 single -1 or -1 bstr a,27 28 29 30 31 32 33 34 817 906 952 ,52 53 54 55 56 57 58 59 1190 1319 1409,52 53 54 55 56 57 58 59 1190 1319 1409,11
314 485,number to,421 480 484 487 490 709 709 812 839 885 911 937 ,632 729 746 749 752 1026 1026 1176 1223 1293 1327 1389,632 729 746 749 752 1026 1176 1223 1293 1327 1389,11
448 477,specifies the,468 468 627 627 628 628 629 629 630 630 631 631 918 918 919 919 920 920 921 921 ,699 699 926 926 927 927 928 928 929 929 930 930 1347 1347 1353 1353 1357 1357 1361 1361,699 926 927 928 929 930 1347 1353 1357 1361,10
467 477 -1 477,summed the -1 the,463 464 465 466 467 613 613 613 613 613 613 614 615 616 617 ,691 692 693 694 695 900 900 900 900 900 900 901 902 903 904,691 692 693 694 695 900 901 902 903 904,10
448 477 -1 477,specifies the -1 the,468 627 628 629 630 631 918 919 920 921 ,699 926 927 928 929 930 1347 1353 1357 1361,699 926 927 928 929 930 1347 1353 1357 1361,10
160 477,elements the,457 457 458 458 613 614 614 615 615 616 616 617 617 706 706 778 781 ,679 679 680 680 900 901 901 902 902 903 903 904 904 1023 1023 1135 1138,679 680 900 901 902 903 904 1023 1135 1138,10
467 477,summed the,463 463 464 464 465 465 466 466 467 467 613 613 613 613 614 614 615 615 616 616 617 617 ,691 691 692 692 693 693 694 694 695 695 900 900 900 900 901 901 902 902 903 903 904 904,691 692 693 694 695 900 901 902 903 904,10
467 370 477,summed qstr the,463 464 465 466 467 613 614 615 616 617 ,691 692 693 694 695 900 901 902 903 904,691 692 693 694 695 900 901 902 903 904,10
467 370 -1 477,summed qstr -1 the,463 464 465 466 467 613 613 613 614 615 616 617 ,691 692 693 694 695 900 900 900 901 902 903 904,691 692 693 694 695 900 901 902 903 904,10
400 477,return the,446 446 447 447 448 448 449 449 778 778 778 926 926 940 940 943 943 946 946 949 949 ,666 666 667 667 668 668 669 669 1135 1135 1135 1368 1368 1395 1395 1398 1398 1401 1401 1404 1404,666 667 668 669 1135 1368 1395 1398 1401 1404,10
370 337 -1 370,qstr output -1 qstr,613 613 613 627 627 628 628 629 629 630 630 631 631 631 918 918 919 919 919 920 920 921 921 ,900 900 900 926 926 927 927 928 928 929 929 930 930 930 1347 1347 1353 1353 1353 1357 1357 1361 1361,900 926 927 928 929 930 1347 1353 1357 1361,10
400 477 -1 477,return the -1 the,446 447 448 449 778 778 778 926 940 943 946 949 ,666 667 668 669 1135 1135 1135 1368 1395 1398 1401 1404,666 667 668 669 1135 1368 1395 1398 1401 1404,10
53 421,bstr shape,423 472 483 619 620 808 857 858 961 966 ,636 712 734 910 911 1172 1245 1246 1419 1427,636 712 734 910 911 1172 1245 1246 1419 1427,10
370 477 -1 337 -1 370 -1 370,qstr the -1 output -1 qstr -1 qstr,613 627 628 629 630 631 631 631 918 919 919 919 920 921 ,900 926 927 928 929 930 930 930 1347 1353 1353 1353 1357 1361,900 926 927 928 929 930 1347 1353 1357 1361,10
370 477 -1 337 -1 370,qstr the -1 output -1 qstr,613 613 613 613 627 627 628 628 629 629 630 630 631 631 631 918 918 919 919 919 920 920 921 921 ,900 900 900 900 926 926 927 927 928 928 929 929 930 930 930 1347 1347 1353 1353 1353 1357 1357 1361 1361,900 926 927 928 929 930 1347 1353 1357 1361,10
112 111 -1 329,d_type d_structure -1 optional,165 166 167 174 175 176 177 178 179 1091 ,200 201 202 209 210 211 212 213 214 1552,200 201 202 209 210 211 212 213 214 1552,10
112 330 -1 111 -1 329,d_type or -1 d_structure -1 optional,165 166 167 174 175 176 177 178 179 1091 ,200 201 202 209 210 211 212 213 214 1552,200 201 202 209 210 211 212 213 214 1552,10
370 477 -1 370 -1 370,qstr the -1 qstr -1 qstr,613 613 627 628 629 630 631 631 631 918 919 919 919 920 921 ,900 900 926 927 928 929 930 930 930 1347 1353 1353 1353 1357 1361,900 926 927 928 929 930 1347 1353 1357 1361,10
112 330 -1 329,d_type or -1 optional,165 166 167 174 175 176 177 178 179 1091 ,200 201 202 209 210 211 212 213 214 1552,200 201 202 209 210 211 212 213 214 1552,10
370 477 -1 370,qstr the -1 qstr,613 613 613 613 613 613 627 627 628 628 629 629 630 630 631 631 631 918 918 919 919 919 920 920 921 921 ,900 900 900 900 900 900 926 926 927 927 928 928 929 929 930 930 930 1347 1347 1353 1353 1353 1357 1357 1361 1361,900 926 927 928 929 930 1347 1353 1357 1361,10
112 477,d_type the,3 3 4 4 12 12 648 710 809 885 931 931 962 968 968 ,4 4 5 5 25 25 952 1027 1173 1293 1377 1377 1420 1429 1429,4 5 25 952 1027 1173 1293 1377 1420 1429,10
370 337 -1 370 -1 370,qstr output -1 qstr -1 qstr,613 627 628 629 630 631 631 631 918 919 919 919 920 921 ,900 926 927 928 929 930 930 930 1347 1353 1353 1353 1357 1361,900 926 927 928 929 930 1347 1353 1357 1361,10
112 329,d_type optional,165 166 167 174 175 176 177 178 179 1091 ,200 201 202 209 210 211 212 213 214 1552,200 201 202 209 210 211 212 213 214 1552,10
370 370 -1 370,qstr qstr -1 qstr,613 627 628 629 630 631 631 631 918 919 919 919 920 921 ,900 926 927 928 929 930 930 930 1347 1353 1353 1353 1357 1361,900 926 927 928 929 930 1347 1353 1357 1361,10
91 485 -1 477,constant_bool to -1 the,439 459 459 459 459 460 460 460 460 463 464 465 466 467 794 794 794 794 795 795 795 795 ,659 683 683 683 683 684 684 684 684 691 692 693 694 695 1157 1157 1157 1157 1158 1158 1158 1158,659 683 684 691 692 693 694 695 1157 1158,10
467 370,summed qstr,463 464 465 466 467 613 613 614 615 616 617 ,691 692 693 694 695 900 900 901 902 903 904,691 692 693 694 695 900 901 902 903 904,10
